,tokens,text
150,companyreference at the pacific building trade show found partner mark duda will be lead a technical seminar on solar energy in hi,11/04/09 RevoluSun at the Pacific Building Trade Show.  Founding partner Mark Duda will be leading a technical seminar on Solar Energy in HI
163,usermention aia csi pacific building trade expo datereference th break down the evolution of solar energy advancement will you be on it,@ AIA/CSI Pacific Building Trade Expo Nov.4th...breaks down the evolution of solar energy advancements.  Will you be on it?
166,check out pacific biz journal people of make statename work section today feature companyreference partner marcus jones,"Check out Pacific Biz Journal ""People of Make Hawaii Work"" section today 10/30/09.  Features RevoluSun Partner Marcus Jones..."
171,pacific business news today larry mcarthy be announce as dep statename and companyreference 's partner in finance read more at pacific bizjournals com,Pacific Business News today:Larry Mcarthy is announced as DEP Hawaii and RevoluSun's Partner in Finance.Read more at pacific.bizjournals.com
935,statename business gain from heco s rebate shift hyperlink via @pacificbiznew,Hawaii businesses gain from HECOs rebate shift http://ow.ly/1Ldfz (via @pacificbiznews)
1177,rt twitterhandle publish statename to host asia pacific clean energy summit @ hyperlink,RT @HawaiiReporter Published: Hawaii to Host 2010 Asia-Pacific Clean Energy Summit @ http://ur.ly/fwFa
1201,upcoming statename ev grant and rebate program asia pacific clean energy summit and expo hced,"Upcoming: Hawaii EV Grant and Rebate Program, Asia Pacific Clean Energy Summit and Expo #hced2010"
1249,rt twitterhandle governor 's enewsletter mention statename to host asia pacific clean energy summit expo datereference sept hyperlink,RT @HCEI2030 Governor's eNewsletter mentions Hawaii to host Asia-Pacific Clean Energy Summit & Expo Aug. 30-Sept. 2 http://bit.ly/dgCazj
1747,rt twitterhandle register now for the asia pacific clean energy summit it ' the conference of the summer do not miss it hyperlink,RT @HCEI2030 Register now for the Asia Pacific Clean Energy Summit! It's THE conference of the summer! Don't miss it! http://bit.ly/bjomr8
1841,save the date asia pacific clean energy summit expo on at statename convention center hyperlink,Save the date! Asia Pacific Clean Energy Summit & Expo on 8/30-9/2 at Hawaii Convention Center! http://ow.ly/2aw5J
1952,asia pacific clean energy summit and expo from datereference to datereference at statename convention center hyperlink,Asia Pacific Clean Energy Summit and Expo from August 30 to September 2 at Hawaii Convention Center http://ow.ly/2e8IG
2035,asia pacific clean energy summit expo on datereference to datereference at the statename convention center hyperlink,Asia Pacific Clean Energy Summit & Expo on August 30 to September 2 at the Hawaii Convention Center http://ow.ly/2gXHh
2038,statename energy 's ray starling will speak at a m on at the asia pacific clean energy summit expo at the statename convention center,Hawaii Energy's Ray Starling will speak at 11 a.m. on 9/1 at the Asia Pacific Clean Energy Summit & Expo at the Hawaii Convention Center.
2054,asia pacific clean energy summit expo on datereference to datereference at the statename convention center hyperlink,Asia Pacific Clean Energy Summit & Expo on August 30 to September 2 at the Hawaii Convention Center http://ow.ly/2hwW5
2186,new firm will help resident with solar energy financing hyperlink via @pacificbiznew,New firm will help residents with solar-energy financing http://ow.ly/2mkdG (via @pacificbiznews)
2208,grid stability critical to state s energy future hyperlink via @pacificbiznew,Grid stability critical to states energy future http://ow.ly/2nFJ8 (via @pacificbiznews)
2219,asia pacific clean energy summit expo on datereference to datereference at the statename convention center hyperlink,Asia Pacific Clean Energy Summit & Expo on August 30 to September 2 at the Hawaii Convention Center http://ow.ly/2nQuC
2265,biofuels have supporter but scale remain an obstacle hyperlink via @pacificbiznew,"Biofuels have supporters, but scale remains an obstacle http://ow.ly/2prE8 (via @pacificbiznews)"
2325,rt twitterhandle logan energy plan fuel cell test for pacific missile range facility hyperlink,RT @pacificbiznews Logan Energy plans fuel-cell tests for Pacific Missile Range Facility http://bit.ly/d1ksoU
2393,rt twitterhandle hcei and the asia pacific clean energy summit expo gain recognition in a national energy newsletter hyperlink,RT @HCEI2030 HCEI and the Asia Pacific Clean Energy Summit & Expo gain recognition in a national energy newsletter! http://bit.ly/cc474o
2394,rt twitterhandle metcalf west to unveil unique solarpanelsreference system on big island hyperlink via @pacificbiznew,RT @HCEI2030 Metcalf West to unveil unique photovoltaic system on Big Island http://bit.ly/cxNJIr (via @pacificbiznews)
2408,asia pacific clean energy summit expo be here datereference derrick speak at timereference a m ray speak at timereference p m,Asia Pacific Clean Energy Summit & Expo is here! Tomorrow: Derrick speaks at 10:30 a.m.; Ray speaks at 1:30 p.m.
2412,asia pacific clean energy summit expo today derrick speak at timereference a m ray speak at timereference p m,Asia Pacific Clean Energy Summit & Expo today! Derrick speaks at 10:30 a.m.; Ray speaks at 1:30 p.m.
2418,rt twitterhandle more than company take part in asia pacific clean energy summit hyperlink,RT @pacificbiznews More than 230 companies taking part in Asia Pacific Clean Energy Summit http://bit.ly/bKyM0D
2431,i post photo on facebook in the album asia pacific clean energy summit and expo hyperlink,"I posted 57 photos on Facebook in the album ""2010 Asia Pacific Clean Energy Summit and Expo"" http://fb.me/FSKeZNig"
2432,visit hyperlink for awesome photo from the asia pacific clean energy summit and expo,Visit http://www.facebook.com/hawaiienergy for awesome photos from the Asia Pacific Clean Energy Summit and Expo!
2435,thanks to those who attend the asia pacific clean energy summit and expo come up next energy expo on hyperlink,Thanks to those who attended the Asia Pacific Clean Energy Summit and Expo! Coming up next: Energy Expo 2010 on 9/28! http://j.mp/8X8DtK
2486,rt twitterhandle u s pacific command energy strategy in cooperation with the state of statename hyperlink,RT @HCEI2030 U.S. Pacific Command Energy Strategy in Cooperation with the State of Hawaii http://bit.ly/bkP1kp
2677,lot of interest in ev for statename especially after the asia pacific clean energy summit and expo hienergyexpo,"Lots of interest in EVs for Hawaii, especially after the Asia Pacific Clean Energy Summit and Expo #hienergyexpo"
2784,hawaiian electric seek idea for clean energy project hyperlink via @pacificbiznew,Hawaiian Electric seeking ideas for clean energy projects http://ow.ly/2Nk4h (via @pacificbiznews)
2790,rt twitterhandle statename host pacific oil spill response meeting hyperlink,RT @StarAdvertiser Hawaii hosting Pacific oil spill response meeting http://dlvr.it/6PmMh
2856,rt twitterhandle many powerpoint presentation from the asia pacific clean energy summit expo be now available online hyperlink,RT @HCEI2030 Many PowerPoint presentations from the Asia Pacific Clean Energy Summit & Expo are now available online! http://bit.ly/ahDlzo
2921,rt twitterhandle dbedt serious about statename 's energy future hyperlink via @pacificbiznew,RT @HCEI2030 DBEDT Serious About Hawaii's Energy Future http://bit.ly/aqj3dw (via @pacificbiznews)
3002,rt twitterhandle create a good fit be no easy task hyperlink via @pacificbiznew,RT @HCEI2030 Creating a good FIT is no easy task http://bit.ly/aPw6Wz (via @pacificbiznews)
3096,hot water cool rate participate lender aloha pacific fcu first hawaiian bank statename national bank hawaiiusa fcu hyperlink,"Hot Water, Cool Rates Participating Lenders: Aloha Pacific FCU, First Hawaiian Bank, Hawaii National Bank & HawaiiUSA FCU http://ow.ly/30zkK"
3187,we will be at the th annual pacific building trade expo datereference at the statename convention center detail hyperlink,We'll be at the 11th Annual Pacific Building Trade Expo tomorrow at the Hawaii Convention Center! Details: http://ow.ly/36kpz
3193,we will be at the th annual pacific building trade expo today at the statename convention center detail hyperlink pbte,We'll be at the 11th Annual Pacific Building Trade Expo TODAY at the Hawaii Convention Center! Details: http://ow.ly/36XKv #PBTE
3488,statename 's ' green ' sector to see % job growth hyperlink via @pacificbiznew,Hawaii's 'green' sector to see 26% job growth http://t.co/lAm8wuu via @pacificbiznews
3727,statename public utility commission oks tiered electric rate for maui county big island via @pacificbiznew,"Hawaii Public Utilities Commission OKs tiered electric rates for Maui County, Big Island via @pacificbiznews"
3927,heco maui electric statename electric light still negotiate with ibew local hyperlink via @pacificbiznew,"HECO, Maui Electric, Hawaii Electric Light still negotiating with IBEW Local 1260 http://t.co/fre6PVp via @pacificbiznews"
4129,pacific guardian center earn epa 's energy star label hyperlink via @bizjournal,Pacific Guardian Center earns EPA's Energy Star label http://t.co/XYCHMQP via @bizjournals
4380,companyreference mean business that ' right pacific business news just rank companyreference as statename residential hyperlink,RevoluSun means Business! That's Right!  Pacific Business News just ranked RevoluSun as Hawaii #1 Residential... http://fb.me/M00CugKk
4480,best bank in the world hpe want to thank the the desert contractor association and pacific western bank hyperlink,The Best Bank In the World!  HPE wants to thank the the Desert Contractors Association and Pacific Western Bank... http://fb.me/JJMxh5I6
4918,l to r jamie naomi jiambrone of pacific edge magazine w mark duda and mike latch of companyreference hyperlink,L to R: Jamie&Naomi Jiambrone of Pacific Edge Magazine w/ Mark Duda and Mike Latch of RevoluSun http://fb.me/G1irPhPw
4919,have a great time last night at pacific edge magazine st annual award gala we be we be honor to take home hyperlink,had a great time last night at Pacific Edge Magazines 1st Annual Award Gala.  We are we were honored to take home... http://fb.me/WaSllVA1
4921,we have a great time last night at pacific edge magazine st annual award gala we be honor to take home the hyperlink,We had a great time last night at Pacific Edge Magazine 1st Annual Award Gala. We were honored to take home the... http://fb.me/11ezRF9bf
4960,rt @netimpacthawaii congrats to companyreference for win best new business by pacific edge magazine hyperlink,RT @netimpacthawaii: Congrats to RevoluSun for Winning Best New Business by Pacific Edge Magazine! - http://ow.ly/4W95d
5099,rt @pacificbiznew companyreference add energy intelligence division hyperlink pbnlatest,RT @pacificbiznews: RevoluSun adds Energy Intelligence division http://t.co/dlcx6jD #pbnlatest
5323,usermention pacific energy center offer a ton of great free class on energy efficiency hyperlink,@pge4me's Pacific Energy Center offers a ton of great (FREE) classes on energy efficiency: http://bit.ly/mPUvZm
5358,rt @pacificbiznew congratulation to eric carlson of @companyreference class of forty under hyperlink pbn,"RT @pacificbiznews: Congratulations to Eric Carlson of @RevoluSun, Class of 2011 Forty Under 40 http://t.co/NEqZSsY #pbn40"
5412,congrats to eric carlson companyreference principle and market director for his forty under award from pacific hyperlink,"Congrats to Eric Carlson, RevoluSun Principle and Marketing Director, for his Forty Under 40 Award from Pacific... http://fb.me/11G2BzLe1"
6926,congratulation to the entire pacific century fellow class we be proud to have one of our own colin yost hyperlink,"Congratulations to the entire 2011 Pacific Century Fellows class. We are proud to have one of our own, Colin Yost.... http://t.co/Kp382xd"
7022,we select pacific solar after bid from several company we choose pacific solar because they offer the best hyperlink,"""We selected Pacific Solar after bids from several companies. We chose Pacific Solar because they offered the best... http://t.co/51YLjE8"
7052,the people at pacific solar be always on time clean and very polite we be so pleased with our result janet galloway,"""The people at Pacific Solar were always on time, clean, and very polite. We are so pleased with our results.""

~Janet Galloway"
7053,bbb accredited business since valley pacific builder inc phone fax hyperlink,"BBB Accredited Business since 06/18/2010
Valley Pacific Builders, Inc.
Phone: (559) 251-5592
Fax: (559) 251-5595... http://t.co/ObNYnYJ"
7736,wow we be truly humble to win innovative company of the year by pacific business news at the business hyperlink,"Wow! We are truly humbled to  Win ""Innovative Company of the Year"" by Pacific Business News at the Business... http://t.co/GK8ixY7w"
9046,what a great event datereference at the sheraton waikiki companyreference along with pacific business news and clear hyperlink,What a great event yesterday at the Sheraton Waikiki! RevoluSun along with Pacific Business News and Clear... http://t.co/jdOGuHYV
9405,have a grreeaaaat time with my pacific solar family at victory grill for our christmas party awesome picture to follow,Had a Grreeaaaat time with my Pacific Solar family at Victory Grill for our Christmas Party....AWESOME!! Pictures to follow :-)
9507,help us win the pacific sun best of cityname by cast your vote today look for solarcraft under the category hyperlink,Help us win the Pacific Sun Best of Marin by casting your vote today! Look for SolarCraft under the category... http://t.co/OVMn1NLS
9562,new blog post updated sierra pacific website we have update the sierra pacific home comfort website pleaserev hyperlink,New Blog Post: Updated Sierra Pacific Website - We have updated the Sierra Pacific Home & Comfort website. Pleaserev... http://t.co/TT2vIa7r
9871,the pacific energy center in downtown cityname have free solar class fund by pg e hyperlink,The Pacific Energy Center in Downtown San Francisco has free solar classes funded by PG&E - http://t.co/l4egxlua
9976,sierra pacific home and comfort have benefit from be a bbb accredited business by build trust with our customer startwithtrust,Sierra Pacific Home and Comfort has benefited from being a BBB Accredited business by building trust with our customers.   #startwithtrust
10042,why be sierra pacific one of the top cityname solar and cityname heating and air company read the testimonial hyperlink,Why is Sierra Pacific one of the top Sacramento solar and Sacramento heating and air companies? Read the testimonials: http://t.co/eIvmIlox
10055,the pacific energy center in downtown cityname offer free course in solar luminalt instal the demo system hyperlink,The Pacific Energy Center in downtown San Francisco offers free courses in solar - Luminalt installed the demo system! http://t.co/6Cvt0LRj
10102,new blog post free smud class for residential customer sierra pacific would like to share this info for your ben hyperlink,New Blog Post: FREE SMUD Class for Residential Customers - Sierra Pacific would like to share this info for your ben... http://t.co/nRFinqvp
10186,see all of the great free class twitterhandle offer at the pacific energy center we instal the demo solarpanelsreference hyperlink,Seen all of the great free classes @PGE4me offers at the Pacific Energy Center? We installed the demo solar system! http://t.co/aFKUeEkt
10254,first to like pacific solar will receive a free ticket to the cityname home garden show,"First 5 to ""Like"" Pacific Solar will receive a free ticket to the Fresno Home & Garden Show"
10302,pg e 's pacific energy center have just release the schedule for their solar at noon free webinar series hyperlink,"PG&E's Pacific Energy Center has just released the schedule for their ""Solar at Noon"" free webinar series! http://t.co/0aFhfMAG"
10303,pg e 's pacific energy center just release the schedule for their solar at noon fre webinar series hyperlink,"PG&E's Pacific Energy Center just released the schedule for their ""Solar at Noon"" fre webinar series! http://t.co/dvgMi8hw"
10316,new blog post sierra pacific be introduce the late in lennox heating product hyperlink,New Blog Post: Sierra Pacific is Introducing the latest in Lennox heating products! http://t.co/sxwrdEzb
10394,new blog post antelope solar testimonial dear sierra pacific i want to let you know how impressed i be hyperlink,"New Blog Post: Antelope Solar Testimonial 95843 - Dear Sierra Pacific, I wanted to let you know how impressed I was ... http://t.co/tfjthE99"
10471,new blog post folsom hvac testimonial great crew from sierra pacific home and comfort credit go to the followi hyperlink,New Blog Post: Folsom HVAC Testimonial - Great crew from Sierra Pacific Home and Comfort. Credit goes to the followi... http://t.co/XEtmb9Rg
10681,new blog post smud rebate for home performance sierra pacific home amp comfort be now authorize to offer homeowne hyperlink,New Blog Post: SMUD Rebates for Home Performance - Sierra Pacific Home &amp; Comfort is now authorized to offer homeowne... http://t.co/lCRgs2Bh
10821,wonder about solar power pacific solar can answer all of your question hyperlink,Wondering about solar power? Pacific Solar can answer all of your questions!... http://t.co/kEe99Bu9
11041,new blog post sierra pacific and cityname king promote nba green week hyperlink,New Blog Post: Sierra Pacific and Sacramento Kings Promote NBA Green Week http://t.co/h83OP6aG
11042,new blog post special go green sale to celebrate sierra pacific 's partnership with the cityname king we wo hyperlink,"New Blog Post: Special Going Green Sale - To celebrate Sierra Pacific's partnership with the Sacramento Kings, we wo... http://t.co/fIHN7Htv"
11043,new blog post nba green week promotion cityname king and sierra pacific hyperlink,New Blog Post: NBA Green Week Promotion  Sacramento Kings and Sierra Pacific http://t.co/muT9762M
11167,alert today be the last day to nominate a business statename individual for pacific edge magazine business hyperlink,"ALERT! Today is the last day to nominate a Business OR Individual for Pacific Edge Magazine ""2012 Business... http://t.co/OPpWFrM7"
11444,congratulation to all the nominee for pacific edge magazine statename annual business achievement award companyreference hyperlink,Congratulations to all the Nominees for Pacific Edge Magazine 2nd Annual  Business Achievement Awards....RevoluSun... http://t.co/4wYeOrAz
11469,new blog post blue traveler free ticket sierra pacific have free ticket for you to attend the blue traveler statename hyperlink,New Blog Post: Blues Traveler Free Tickets - Sierra Pacific has FREE tickets for you to attend the Blues Traveler co... http://t.co/ECtlPJAu
11635,new blog post marlene lewis heating amp air testimonial datereference th dear sierra pacific i want to take a mom hyperlink,"New Blog Post: Marlene Lewis Heating &amp; Air Testimonial - April 30th 2012 Dear Sierra Pacific, I wanted to take a mom... http://t.co/D2HIXyLJ"
12084,congratulation to david gorman be name one of pacific business news forty under class of david hyperlink,"Congratulations to David Gorman being named one of Pacific Business News ""Forty under 40"" Class of 2012. David... http://t.co/jZGHJKm8"
12146,new blog post testimonial from rancho cordova sierra pacific home amp comforthad do heating and airwork before hyperlink,New Blog Post: Testimonial from Rancho Cordova - Sierra Pacific Home &amp; Comforthad done Heating and Airwork before (1... http://t.co/7B4sODqj
12147,new blog post sierra pacific home amp comfort testimonial from roseville hyperlink,New Blog Post: Sierra Pacific Home &amp; Comfort Testimonial from Roseville http://t.co/3qqdfC39
12215,energy save tip for this hot summer call pacific solar for information on installation amp begin save hyperlink,"Energy Saving Tips for this Hot Summer

1) Call Pacific Solar for information on installation &amp; begin saving!... http://t.co/ITH09VFz"
12538,honda solarpanelsreference help power new aquarium of the pacific penguin habitat hyperlink,#Honda #Solar Panels Help Power New Aquarium of the Pacific Penguin Habitat. http://t.co/HRLA0iR4
12554,come visit our pacific solar booth at the upcoming cityname home show datereference statename hyperlink,Come visit our Pacific Solar booth at the upcoming Fresno Home Shows - July 20-22nd!... http://t.co/CVQFvBCR
12716,new blog post indoor air quality one of the best opportunity in smud 's as well as sierra pacific home comfort 's hyperlink,New Blog Post: Indoor Air Quality - One of the best opportunities in SMUD's as well as Sierra Pacific Home Comfort's... http://t.co/ykpMAqjK
12755,new blog post an actual true up bill how would you like an annual electric bill of $ our sierra pacific solum hyperlink,New Blog Post: An Actual True Up Bill - How would you like an annual electric bill of $4.83? Our Sierra Pacific Sola... http://t.co/TiBBoDzP
13149,one million star spangle challenge hyperlink via @sharethis sierra pacific would like to wish everyone happy independence day,One Million Star Spangled Challenge http://t.co/Lw6YRQsf via @sharethis. Sierra Pacific would like to wish everyone Happy Independence Day!
13356,some of the pacific solar staff have fun in the sun this datereference at disneyland hyperlink,Some of the Pacific Solar staff had fun in the sun this weekend at Disneyland! http://t.co/yoby3w8n
13786,the pacific territory of tokelau island off nz be set to become the st territory have its electricity provide entirely by solarpanelsreference,The S. Pacific territory of Tokelau (island off NZ) is set to become the 1st territory 2 have its electricity provided entirely by #solar pv
14303,take the pacific by storm solar fish could soon be collect data in an ocean near you hyperlink,Taking the Pacific by storm! Solar fish could soon be collecting data in an ocean near you. http://t.co/C1vWr3wW
14600,new blog post as hear on kfbk news talk why sierra pacific for solar hyperlink,New Blog Post: As Heard on KFBK News Talk  Why Sierra Pacific for Solar? http://t.co/7zfoQbAr
15020,new blog post sunsnap world record solar installation sunsnap and sierra pacific set the world record for the fa hyperlink,New Blog Post: SunSnap World Record Solar Installation - SunSnap and Sierra Pacific set the world record for the fas... http://t.co/tCaPxS7Z
15445,luminalt 's datereference goer will be teach a free class on solar thermal twitterhandle 's pacific energy center sign up today hyperlink,Luminalt's August Goers will be teaching a free class on solar thermal @PGE4Me 's Pacific Energy Center. Sign up today! http://t.co/WODtzcOv
16109,mahalo nui loa to pacific business news for honor companyreference last night with the business leadership statename hyperlink,Mahalo nui loa to Pacific Business News for honoring RevoluSun last night with the 2012 Business Leadership Hawaii... http://t.co/mwOi6Jc1
16110,mahalo nui loa to pacific business news for honor companyreference last night with the business leadership statename hyperlink,Mahalo nui loa to Pacific Business News for honoring RevoluSun last night with the 2012 Business Leadership Hawaii... http://t.co/yOSWpi2X
16301,rt @dshimogawa change to statename s solar energy tax credit datereference slow solarpanelsreference industry hyperlink via @pacificbiznew,RT @DShimogawa: Changes to #Hawaiis solar energy tax credit may slow photovoltaic industry http://t.co/IEjOshGC via @Pacificbiznews
16636,pacific solar be a proud sponsor of this year 's st agnes woman 's club gatsby style event check out our blog to hyperlink,Pacific Solar was a proud sponsor of this year's St. Agnes Women's Club Gatsby Style event. Check out our blog to... http://t.co/Shb9O9nu
16737,it ' time to vote for the cityname bee 's people choice pacific solar be up for best solar company and we hyperlink,"It's time to vote for the Fresno Bee's Peoples Choice 2013!!!

Pacific Solar is up for Best Solar Company and we... http://t.co/iFjSAL0x"
16738,it ' time to vote for the cityname bee 's people choice pacific solar be up for best solar company and hyperlink,"It's time to vote for the Fresno Bee's Peoples Choice 2013!!!

Pacific Solar is up for Best Solar Company and... http://t.co/QbotlzIX"
16941,statename energy team grow moustache for movember cancer awareness movement hyperlink via @pacificbiznew,Hawaii Energy team grows moustaches for Movember cancer awareness movement http://t.co/BoDvvJRg via @Pacificbiznews
17119,join pacific solar on th p m and datereference datereference th p m at the meat market on hyperlink,"Join Pacific Solar on Saturday, December 8th, 9-6 p.m. and Sunday, December 9th, 10-5 p.m. at the Meat Market on... http://t.co/mQx4fFFe"
17138,statename regulator approve kauai solar power purchase agreement hyperlink via @pacificbiznew,Hawaii regulators approve Kauai solar power purchase agreement http://t.co/ZPL8eQXP via @Pacificbiznews
17143,we be pleased to announce we be now a sunpower elite dealer find out more about pacific solar this datereference at hyperlink,We are pleased to announce we are now a SunPower Elite Dealer. Find out more about Pacific Solar this weekend at... http://t.co/WwRZjpQW
17144,one of companyreference 's own be feature in this week people who make statename work publish by pacific business hyperlink,"One of RevoluSun's own, was featured in this weeks ""People Who Make Hawaii Work"" published by Pacific Business... http://t.co/M8b1rWL8"
17162,rt @tamaralevine @mysolar u green energy un and climate group team up on low carbon campaign hyperlink apac pacific,RT @tamaralevine: @MySolar4u: Green Energy:  UN and climate group team up on low carbon campaign http://t.co/wccm2a4r #APAC #Pacific #S ...
17354,rt @pacificfood our heart be heavy it ' be a tough week in our own backyard amp across the country our thought be w those a,RT @pacificfoods: Our hearts are heavy. It's been a tough week in our own backyard &amp; across the country. Our thoughts are w/ those a ...
17489,new blog post sierra pacific home recognize for year accredidation with bbb hyperlink,New Blog Post: Sierra Pacific Homes recognized for 28 years accredidation with BBB http://t.co/Cvg2HI1U
17503,mahalo central pacific bank for offer an outstanding solarpanelsreference power loan to aei customer % datereference and no payment hyperlink,"Mahalo, Central Pacific Bank for offering an outstanding PV Power Loan to AEI customers! 0% APR and no payments... http://t.co/7EW198y6"
17571,new blog post carmichael hvac testimonial letter dear sierra pacific to our delight our new lennox heating and hyperlink,"New Blog Post: Carmichael HVAC Testimonial Letter - Dear Sierra Pacific: To our delight, our new Lennox heating and ... http://t.co/mQ5nnA8B"
17697,sierra pacific will continue to provide information about the hvac and solar industry check back often for update hvac solar,Sierra Pacific will continue to provide information about the HVAC and solar industries. Check back often for updates. #hvac #solar
17751,rec solar 's ben peter will take part in solar tech 's solarpanelsreference financing webinar on datereference at a m pacific hyperlink,REC Solar's Ben Peters will take part in Solar Tech's Solar PV Financing Webinar on Wednesday at 9 a.m. Pacific https://t.co/tQBYiHA9
17800,report on bill financing of solar energy system make sense for statename pacific business news hyperlink,Report: On-bill financing of solar energy systems makes sense for Hawaii - Pacific Business News http://t.co/JNMY1jy4
17855,mahalo pacific business news for have us at this morning 's conversation look forward to all have in store hyperlink,"Mahalo, Pacific Business News, for having us at this morning's conversation. Look forward to all 2013 has in store. http://t.co/UhFAeyvi"
17856,mahalo pacific business news for include us in this conversation look forward to all that have in store hyperlink,"Mahalo, Pacific Business News, for including us in this conversation. Look forward to all that 2013 has in store. http://t.co/OeIPQ1G7"
17938,new blog post sierra pacific be hire sierra pacific be hire a residential solar sale professional please ta hyperlink,New Blog Post: Sierra Pacific is Hiring - Sierra Pacific is hiring a Residential Solar Sales Professional. Please ta... http://t.co/vGSE2Alh
18603,pacific solar need canvasser if you would like to interview call our office to set up an appointment,"Pacific Solar needs canvassers! If you'd like to interview, call our office (559)251-5592 to set up an appointment."
19357,new blog post visit sierra pacific at the cityname home amp garden show hyperlink,New Blog Post: Visit Sierra Pacific at the Sacramento Home &amp; Garden Show http://t.co/YBbN8PW24h
19810,new blog post sierra pacific cityname trust provider of solar energy hyperlink,New Blog Post: Sierra Pacific: Sacramentos Trusted Providers of Solar Energy http://t.co/JLfNDsULtQ
19904,new blog post this be an outstanding review for sierra pacific on angie s list hyperlink,New Blog Post: This is an OUTSTANDING review for Sierra Pacific on ANGIEs List. http://t.co/DdFPUvDOdK
19914,join pacific solar at the st annual cityname womens network at night trade show datereference st hyperlink,"Join Pacific Solar at the 21st Annual Fresno Womens Network - Network at Night Trade Show! 

March 21st, 2013... http://t.co/gZ4UVGv8NV"
19939,new blog post davis heating and air service why over customer trust sierra pacific hyperlink,"New Blog Post: Davis Heating and Air Services: Why Over 20,000 Customers Trust Sierra Pacific http://t.co/VmPloQaa0z"
19975,new blog post sierra pacific solar power solution help the citizen of davis change the future hyperlink,New Blog Post: Sierra Pacific Solar Power Solutions: Helping the Citizens of Davis Change the Future http://t.co/7xex371Qzp
20014,new blog post sierra pacific the el dorado solar power authorities hyperlink,New Blog Post: Sierra Pacific: The El Dorado Solar Power Authorities http://t.co/TRhV51bO9N
20281,today from timereference to timereference we will be at our booth at the meat market sign up for a pacific solar consultation and hyperlink,"Today from 11:00 to 3:30 we'll be at our booth at The Meat Market! Sign up for a Pacific Solar consultation, and... http://t.co/V8TXeUrr26"
20316,new blog post sierra pacific support cityname giant for baseball season hyperlink,New Blog Post: Sierra Pacific Supports San Francisco Giants for 2013 Baseball Season http://t.co/GqWeZByv3W
20327,rt @runonsun what do twitterhandle amp twitterhandle have in common we be both rip off by pacific blue solar hyperlink,RT @RunOnSun: What do @heritagesolar &amp; @RunOnSun have in common? We were both ripped off by Pacific Blue Solar http://t.co/a0wXJmebD ...
20328,rt @runonsun what do twitterhandle amp twitterhandle have in common we be both rip off by pacific blue solar hyperlink,RT @RunOnSun: What do @SullivanSolar &amp; @RunOnSun have in common? We were both ripped off by Pacific Blue Solar http://t.co/tgAlu3d4y ...
20329,rt @runonsun what do twitterhandle amp twitterhandle have in common we be both rip off by pacific blue solar hyperlink,RT @RunOnSun: What do @TheSolarCo  &amp; @RunOnSun have in common? We were both ripped off by Pacific Blue Solar http://t.co/2nbDdYB01C  ...
20344,new blog post sierra pacific serve granite bay heating and air need since hyperlink,New Blog Post: Sierra Pacific: Serving Granite Bays Heating and Air Needs Since 1984 http://t.co/UUTJwFQCVP
20482,celebrate earth month with pacific solar at cityname chaffee zoo 's party for the planet on datereference th hyperlink,Celebrate Earth Month with Pacific Solar at Fresno Chaffee Zoo's Party for the Planet on April 13th!... http://t.co/GYIzho7OsG
20710,rec solar to offer residential solarpanelsreference system in statename hyperlink via @pacificbiznew,REC Solar to offer residential photovoltaic systems in Hawaii http://t.co/jQywUgVp1U via @Pacificbiznews
20739,new blog post sierra pacific serve rocklin heating and air need since hyperlink,New Blog Post: Sierra Pacific: Serving Rocklins Heating and Air Needs Since 1984 http://t.co/k1a88NUw5N
20827,new blog post help roseville celebrate the earth joinsierra pacific at roseville celebrate the earth on datereference hyperlink,New Blog Post: Help Roseville Celebrate the Earth - JoinSierra Pacific at Roseville Celebrate the Earth on April 2... http://t.co/UGLzskXmWl
20904,join pacific solar at cityname state vintage day this datereference learn more about solar power renewable energy and hyperlink,"Join Pacific Solar at Fresno State Vintage Days this weekend! Learn more about solar power, renewable energy and... http://t.co/KgkppemcIm"
21200,we will be at the pacific expo spring home garden amp new product show neal s blaisdell center this datereference hyperlink,"We'll be at the Pacific Expos Spring Home, Garden &amp; New Products Show Neal S. Blaisdell Center this weekend,... http://t.co/vex5L2uxHk"
21257,join pacific solar at cityname state vintage day this datereference learn more about solar power renewable energy and hyperlink,"Join Pacific Solar at Fresno State Vintage Days this weekend! Learn more about solar power, renewable energy and... http://t.co/vUR4lv3kat"
21276,do you know that pacific solar be an authorized manufacturer dealer for sunpower the most efficient panel on hyperlink,"Did you know that Pacific Solar is an Authorized Manufacturer Dealer for SunPower, the most efficient panel on... http://t.co/BGAIZFBfjr"
21439,new blog post auburn home show for ticket sierra pacific will be provide for admission ticket to th hyperlink,New Blog Post: Auburn Home Show 2 for 1 Tickets - Sierra Pacific will be providing 2 for 1 Admission tickets to th... http://t.co/brxgD3pFzQ
21440,new blog post sierra pacific the trust name for newcastle heating and air hyperlink,"New Blog Post: Sierra Pacific, the Trusted Name for Newcastle Heating and Air http://t.co/PjUUriJC3o"
21641,we 're excited for the upcoming kingsburg swedish festival visit our pacific solar booth datereference th timereferencepm amp hyperlink,We're excited for the upcoming Kingsburg Swedish Festival! Visit our Pacific Solar booth May 17th (5:30pm-?) &amp;... http://t.co/uswdYeQ9Sq
21662,new blog post sierra pacific your newcastle solar expert welcome to sierra pacific we 're proud to serve the hyperlink,New Blog Post: Sierra Pacific: Your Newcastle Solar Experts - Welcome to Sierra Pacific. We're proud to serve the ... http://t.co/3D9bZ1ra3N
21700,new blog post sierra pacific at smud s home energy efficiency expo on datereference st hyperlink,New Blog Post: Sierra Pacific at SMUDs Home Energy Efficiency Expo on June 1st http://t.co/KZbvWn4lry
21729,at pacific solar we carry the best quality product include panel from canadian solar inc one of the hyperlink,"At Pacific Solar we carry the best quality products, including panels from Canadian Solar Inc., one of the... http://t.co/rRp3FabP9f"
21781,join pacific solar at the kingsburg swedish festival datereference th amp th hyperlink,"Join Pacific Solar at the Kingsburg Swedish Festival, May 17th &amp; 18th! http://t.co/8V1xbNtk4l"
21910,new blog post sierra pacific the trust rocklin solar energy provider hyperlink,New Blog Post: Sierra Pacific: The Trusted Rocklin Solar Energy Providers http://t.co/4CQZqToNvJ
22160,new blog post the leader in cityname hvac solution sierra pacific home and comfort be the lead provider hyperlink,New Blog Post: The Leaders in Sacramento HVAC Solutions - Sierra Pacific Home and Comfort is the leading provider ... http://t.co/Hd5pq3xBWo
22194,new blog post happy memorial day everyone at sierra pacific would like to wish you and your family a happy mem hyperlink,New Blog Post: Happy Memorial Day! - Everyone at Sierra Pacific would like to wish you and your family a Happy Mem... http://t.co/3nUmrIwB8o
22272,pacific ga and electric launch $ m energy storage system fierceenergy hyperlink,Pacific Gas and Electric launches $3.3M energy storage system - FierceEnergy: http://t.co/U29W5dBLa3
22521,our design team be create a new feature for our booth at pacific expo 's upcoming summer new product food and hyperlink,"Our design team is creating a new feature for our booth at Pacific Expo's upcoming Summer New Products, Food and... http://t.co/84lL4M5vfK"
22935,do you know that pacific solar will be at all the grizzly ' home game this summer stop by and say hello hyperlink,Did you know that Pacific Solar will be at all the Grizzlies' home games this summer? Stop by and say hello! http://t.co/KWIxDnyypG
23600,rt @pacificbiznew statename base solar company twitterhandle be expand its solarpanelsreference business to statename hyperlink,RT @pacificbiznews: Hawaii-based solar company @RevoluSun is expanding its photovoltaic business to New York. http://t.co/UBWJZVAtze
23707,join pacific solar at the rd annual cityname home remodeling amp decorate show this datereference you will hyperlink,"Join Pacific Solar at the 23rd Annual Fresno Home Remodeling &amp; Decorating Show this July 19,20,21, 2013! You'll... http://t.co/iW3L8jJvgY"
24127,if you like pacific solar and love what your solar power have do for you and your electricity bill please hyperlink,"If you like Pacific Solar and love what your solar power has done for you (and your electricity bills), please... http://t.co/LXgU3AbXhK"
24128,a recent review from a happy pacific solar client want to post your own review please visit this link amp leave hyperlink,"A recent review from a happy Pacific Solar client! 
Want to post your own review? Please visit this link &amp; leave... http://t.co/4Av0n26aW0"
24153,we select pacific solar after bid from several company we choose pacific solar because they offer the hyperlink,"""We selected Pacific Solar after bids from several companies. We chose Pacific Solar because they offered the... http://t.co/55VcCYzsnY"
24156,a recent review from a happy pacific solar client want to post your own review please visit this link at hyperlink,"A recent review from a happy Pacific Solar client!
Want to post your own review? Please visit this link at... http://t.co/ZFMUsjy9M3"
24220,curious how solar power can help you save money sierra pacific solar can help answer those question hyperlink,Curious how Solar power can help you save money? Sierra Pacific Solar can help answer those questions. http://t.co/P2hFwUVOqY
24472,rt @seia report statename no for residential solar energy hyperlink by twitterhandle via @pacificbiznew,RT @SEIA: Report: #Hawaii No. 2 for residential #solar energy: http://t.co/EW6DLyZ4By by @DShimogawa via @Pacificbiznews
25002,honolulu 's solar solarpanelsreference installation ahead of by % so far pacific business news hyperlink,"Honolulu's solar photovoltaic installations ahead of 2012 by 9%, so far - Pacific Business News http://t.co/DKSdycS47G"
25232,why pacific solar a local family company that want your business and like the sun we be here to serve you hyperlink,"Why Pacific Solar? A Local Family Company that wants Your Business and like the Sun, We are here To Serve You!... http://t.co/EjlSHignft"
25233,join pacific solar at the cityname chaffee zoo for dia statename familia datereference it ' go to be a gorgeous day amp hyperlink,Join Pacific Solar at the Fresno Chaffee Zoo for Dia de la Familia tomorrow! It's going to be a gorgeous day &amp;... http://t.co/4FM9ZcrN9G
25378,the people at pacific solar be always on time clean and very polite we be so pleased with our result janet galloway,"""The people at Pacific Solar were always on time, clean, and very polite. We are so pleased with our results.""

~Janet Galloway"
25431,new blog post client testimonial poole datereference sierra pacific home amp comfort attn jason hanson presiden hyperlink,"New Blog Post: Client Testimonial  Poole - June 17,2013 Sierra Pacific Home &amp; Comfort Attn: Jason Hanson, Presiden... http://t.co/4vvubU7ocw"
25432,new blog post client testimonial john datereference mr jason hanson sierra pacific mercantile dr ste d hyperlink,"New Blog Post: Client Testimonial-John - August 12,2013 Mr. Jason Hanson Sierra Pacific 2550 Mercantile Dr., Ste D... http://t.co/fw9BQmm85l"
25445,in statename check out the asia pacific clean energy summit and expo ask twitterhandle expert about solar hyperlink,In Hawaii? Check out the Asia Pacific Clean Energy Summit and Expo 9/9/13. Ask @RECSolar experts about solar http://t.co/RVlFiEt5Pu
25446,statename @recsolar in statename check out asia pacific clean energy summit amp expo ask twitterhandle expert about solar hyperlink,MT @recsolar: In Hawaii? Check out Asia Pacific Clean Energy Summit &amp; Expo 9/9/13. Ask @RECSolar experts about solar http://t.co/NeoXTVjvjh
25467,go to the asia pacific clean energy summit and expo ask twitterhandle expert about solar for home statename biz hyperlink,Going to the Asia Pacific Clean Energy Summit and Expo 9/9/13? Ask @RECSolar experts about solar for homes or biz http://t.co/7ge8L7RaS3
25520,if you 're head to the asia pacific clean energy summit twitterhandle expert will be there too statename hyperlink,"If you're heading to the Asia Pacific Clean Energy Summit 9/9/13, @RECSolar experts will be there too! #Hawaii http://t.co/lSvv1X9uJr"
25532,come hang out with pacific solar amp cityname chaffee zoo 's buddy the dinosaur from dinosaur train this datereference hyperlink,"Come hang out with Pacific Solar &amp; Fresno Chaffee Zoo's Buddy the Dinosaur from Dinosaur Train this Saturday,... http://t.co/3D6bsdIu35"
25554,aloha statename rec solar will be at the asia pacific clean energy summit please ask us any solar question hyperlink,"Aloha, Hawaii. REC Solar will be at the Asia Pacific Clean Energy Summit 9/9/13. Please ask us any solar questions! http://t.co/n5Pmxm1Leh"
25582,sierra pacific solar be proud to have receive the pre screen solar pro accreditation from solar review in datereference,Sierra Pacific Solar is proud to have received the 2013 Pre-Screened Solar Pro accreditation from Solar Reviews in August!
25588,this datereference pacific solar will attend the south valley 's large fall home show visalia home show return hyperlink,This SEPTEMBER Pacific Solar will attend the SOUTH VALLEY'S LARGEST FALL HOME SHOW.  Visalia Home Shows returns... http://t.co/oVRQuAp4b3
25634,come hang out with pacific solar amp cityname chaffee zoo 's buddy the dinosaur from dinosaur train tonight sept th hyperlink,"Come hang out with Pacific Solar &amp; Fresno Chaffee Zoo's Buddy the Dinosaur from Dinosaur Train tonight, Sept. 7th... http://t.co/uoBBozxvX5"
25670,join pacific solar for clovisfest sit amp sun datereference amp datereference mean fall autumn leaf hyperlink,"Join Pacific Solar for ClovisFest, Sat &amp; Sun., September 21 &amp; 22! 

September means falling autumn leaves,... http://t.co/IQDnhEQpuI"
25732,rt @neilabercrombie photo from the asia pacific clean energy summit and expo hyperlink apcese,RT @neilabercrombie: Photos from the Asia Pacific Clean Energy Summit and Expo http://t.co/UCRdIP4Izz #APCESE2013
25765,get inspire with pacific solar on amp datereference datereference amp at the south valley 's large fall home hyperlink,"Get Inspired with Pacific Solar on Saturday &amp; Sunday, September 21 &amp; 22 at the SOUTH VALLEY'S LARGEST FALL HOME... http://t.co/y8vUR2pGM3"
25895,join pacific solar for clovisfest celebrate the real statename a clovis chamber event sit amp sun hyperlink,"Join Pacific Solar for ClovisFest - Celebrating the Real California. a Clovis Chamber event., Sat &amp; Sun.,... http://t.co/Ih10YzuZLA"
25949,get inspire with pacific solar this fall at the south valley 's large fall home show with over exhibit to hyperlink,Get Inspired with Pacific Solar this Fall at the SOUTH VALLEY'S LARGEST FALL HOME SHOW with over 250 EXHIBITS to... http://t.co/51szCTWTkR
26072,this datereference join pacific solar for clovisfest celebrate the real statename a clovis chamber event hyperlink,"This weekend! 
Join Pacific Solar for ClovisFest - Celebrating the Real California. a Clovis Chamber event.,... http://t.co/y65d8iB1bc"
26113,get inspire this datereference with pacific solar at the south valley 's large fall home show with over exhibit hyperlink,Get Inspired this weekend with Pacific Solar at the SOUTH VALLEY'S LARGEST FALL HOME SHOW with over 250 EXHIBITS... http://t.co/ZATalIprnM
26187,new blog post carmichael hvac testimonial letter sierra pacific home amp comfort to whom it datereference concern this not hyperlink,"New Blog Post: Carmichael HVAC Testimonial Letter - Sierra Pacific Home &amp; Comfort To Whom It May Concern, This not... http://t.co/yFtZn2Q40w"
26304,rt @dshimogawa exclusive companyreference to double number of statename employee hyperlink via @pacificbiznew,RT @DShimogawa: EXCLUSIVE: Sunrun to double number of Hawaii employees http://t.co/QiTf8KhWoQ via @Pacificbiznews
26833,today one of our pacific solar family member show off her clovis ffa chop as her heifer take first place at hyperlink,"Today, one of our Pacific Solar family members showed off her  Clovis FFA chops as her heifer took first place at... http://t.co/ckadE7BhAS"
26863,pacific solar and sunpower be thrilled to announce our official partnership with cityname chaffee zoo as part of hyperlink,Pacific Solar and SunPower are thrilled to announce our official partnership with Fresno Chaffee Zoo as part of... http://t.co/BmtJ7PStBs
26941,cpuc question pacific ga and electric 's pipeline safety fierceenergy hyperlink,CPUC questioning Pacific Gas and Electric's pipeline safety - FierceEnergy: http://t.co/hStcmyIxy6
27349,we select pacific solar after bid from several company we choose pacific solar because they offer the best hyperlink,"""We selected Pacific Solar after bids from several companies. We chose Pacific Solar because they offered the best... http://t.co/f33gf3sbz6"
27722,pacific solar be a family operation with more than year of experience in the building industry the parent hyperlink,Pacific Solar is a family operation with more than 40 years of experience in the Building Industry. The parent... http://t.co/L65wRtVEgG
27975,we 're at the pacific building trade expo today come learn how to save on energy cost for commercial building and home pbte,We're at the Pacific Building Trade Expo today! Come learn how to save on energy costs for commercial buildings and homes! #pbte13
28086,check out pacific ally product ' unusual but neat way to save energy it earn them $ in rebate hyperlink,"Check out Pacific Allied Products' unusual, but neat way to save energy. It earned them $90,000+ in rebates! http://t.co/OXRwj9ZLpL"
28476,we have be so happy with our installation everything have be just like pacific solar tell statename the people at hyperlink,"""We have been so happy with our installation. Everything has been just like Pacific Solar told me.  The people at... http://t.co/o11kEWDTzX"
28494,wish you and your family a happy thanksgiving from sierra pacific home and comfort,Wishing you and your family a Happy Thanksgiving from Sierra Pacific Home and Comfort!
28495,it ' time to vote for the cityname bee 's people 's choice award pacific solar be up for best solar company hyperlink,"It's time to vote for the
Fresno Bee's People's Choice Award 2014!

Pacific Solar is up for Best Solar Company.... http://t.co/3PlCtPxL2X"
28736,want to go solar hit play and learn how a minute solar assessment with pacific solar can make your electric hyperlink,Want to go #solar? Hit play and learn how a 7-minute solar assessment with Pacific Solar can make your electric... http://t.co/8oT9f2Sm2M
28741,rt @makower frog vs pacific hawksbill it not discovery channel it @companyreference s donation leaderboard check it out hyperlink,"RT @makower: Frogs vs Pacific Hawksbill. Its not Discovery Channel, its @Sungevitys donation leaderboard. Check it out http://t.co/unO1n"
29070,pacific ga amp electric pg amp e the local utility company in northern statename east bay have introduce hyperlink,"Pacific Gas &amp; Electric (PG&amp;E), the local utility company in northern Californias East Bay, has introduced... http://t.co/WYJ716DRfe"
29096,and the winner of sungevitygivesback and $ be the eastern pacific hawksbill initiative icapo hyperlink,"And the winner of #SungevityGivesBack and $20,000 is... The Eastern Pacific Hawksbill Initiative (ICAPO)! http://t.co/qdSybUXdPU"
29381,have a very happy holiday with family and friend from sierra pacific home amp comfort,Have a very happy holiday with family and friends from Sierra Pacific Home &amp; Comfort!
29612,pacific ga and electric say happy new year with rate increase fierceenergy hyperlink,"Pacific Gas and Electric says ""Happy New Year"" with rate increase - FierceEnergy: http://t.co/3YWgMoz8FJ"
29668,new blog post temporary loss of phone service phone service to the sierra pacific building have be unexpectedl hyperlink,New Blog Post: Temporary loss of phone service - Phone Service to the SIERRA PACIFIC building has been unexpectedl... http://t.co/dV9iMUqUIe
29707,solar power from sunpower and pacific solar be one of the wise investment you can make today hyperlink,Solar power from SunPower® and Pacific Solar is one of the wisest investments you can make today. http://t.co/AZ8V6mluLp
29849,rt @pacificbiznew @myhawaiienergy report let resident compare electricity usage to neighbor by twitterhandle hyperlink,RT @pacificbiznews: .@MyHawaiiEnergy reports let residents compare electricity usage to neighbors by @PBNDuane http://t.co/Q8LCyPreH1
29973,thank you to all the sierra pacific clientele that request ticket if you ve hear from us then you already know that the ticket be,Thank you to all the Sierra Pacific clientele that requested tickets. If youve heard from us then you already know that the tickets are...
30246,find out more about our solar product and discover what sierra pacific can do for your home hyperlink,Find out more about our solar products and discover what Sierra Pacific can do for your home! http://t.co/D01XHAwUQQ
31398,new blog post visit sierra pacific at the cityname home and garden show hyperlink,New Blog Post: Visit Sierra Pacific at the Sacramento Home and Garden Show http://t.co/4wYhlhBXzN
31465,new blog post sierra pacific client review do you know that sierra pacific be rank very high on solar r hyperlink,New Blog Post: Sierra Pacific Client Reviews - Did you know that Sierra Pacific is ranked very high on Solar R... http://t.co/xWQ28ouhrb
31656,new blog post today be sierra pacific s birthday today be sierra pacific 's birthday our company start i hyperlink,New Blog Post: Today is Sierra Pacifics birthday. - Today is Sierra Pacific's birthday. Our company started i... http://t.co/xgFO0UQ9c9
31855,rt @smasolar steady solar growth forecast for asia pacific region by % over the come month hyperlink jrw,RT @SMAsolar: Steady #solar growth forecast for Asia-Pacific region by 2015 - 7.9% over the coming 12 months http://t.co/RqaDKS7lb3 ^jrw
32388,rt twitterhandle statename business can turn their old exit sign into cash hyperlink via @pacificbiznew,RT @DShimogawa Hawaii businesses can turn their old exit signs into cash http://t.co/07jSTbZ6SM via @Pacificbiznews
32466,please join pacific solar at cityname chaffee zoo for our annual breakfast with the animal fundraise event hyperlink,"Please join Pacific Solar at Fresno Chaffee Zoo for our annual Breakfast with the Animals fundraising event,... http://t.co/CH8co3xbF2"
32519,join pacific solar on datereference rd from timereference a m and timereference p m at st john riverwalk ben maddox amp st hyperlink,Join Pacific Solar on Saturday May 3rd from 8:00 a.m. and 12:00 p.m. at St. Johns Riverwalk (Ben Maddox &amp; St.... http://t.co/4jSQpxxpKb
32529,join pacific solar at the upcoming statename antique farm equipment show th amp datereference datereference hyperlink,"Join Pacific Solar at the upcoming California Antique Farm Equipment Show, Friday, April 25th &amp; Saturday, April... http://t.co/Mcyyxz0QbZ"
32693,rt @pacificbiznew @myhawaiienergy offer free water cooler timer to business hyperlink,RT @pacificbiznews: .@MyHawaiiEnergy offering free water cooler timers to businesses http://t.co/D4Cnnh3Kkx
32966,want free cfls bring your new use incandescent bulb to pacific guardian ctr 's earth health day datereference timereference timereferencepm,Want FREE CFLs? Bring your new/used incandescent bulbs to Pacific Guardian Ctr's Earth/Health Day tomorrow 12:00-1:30pm....
32967,join pacific solar on datereference rd from timereference a m and timereference p m at st john riverwalk ben maddox amp st hyperlink,Join Pacific Solar on Saturday May 3rd from 8:00 a.m. and 12:00 p.m. at St. Johns Riverwalk (Ben Maddox &amp; St.... http://t.co/Y93oPTTciX
32970,want free cfls trade in new use incandescent bulb datereference at pacific guardian ctr 's earth health day timereferencepm hyperlink,"Want FREE CFLs? Trade in new/used incandescent bulbs tomorrow at Pacific Guardian Ctr's Earth/Health Day, 12-1:30pm http://t.co/KxEPeVKdyj"
33032,celebrate earth health day at pacific guardian center today timereferencepm get any old school hyperlink,"Celebrating Earth/Health Day at Pacific Guardian Center today, 12-1:30pm! Got any old school http://t.co/OXQEw817jH"
33406,remember to visit us at the pacific expo spring home amp garden tradeshow this datereference at neal blaisdell visit hyperlink,"Remember to visit us at the Pacific Expos Spring Home &amp; Garden tradeshow this weekend at Neal Blaisdell! 

Visit... http://t.co/6yl7w4ZpQx"
33427,poll resident think hawaiian electric slow solar to protect profit hyperlink via @pacificbiznew,Poll: Residents think Hawaiian Electric slowing solar to protect profits http://t.co/orKOnWwyyF via @Pacificbiznews
33888,we at pacific solar make sure that our product and service be at the high standard of quality and pacific hyperlink,We at Pacific Solar make sure that our products and services are at the highest standard of quality and Pacific... http://t.co/fp2X6OB73S
34024,why solar power from sunpower and pacific solar be one of the wise investment you can make today hyperlink,Why Solar? Solar power from SunPower® and Pacific Solar is one of the wisest investments you can make today.... http://t.co/I9HpFhvq7D
34096,as cityname 's solar electric leader sierra pacific 's team of industry professional 's be extremely knowledgeable and will provide the,"As Sacramento's solar electric leader, Sierra Pacific's team of industry professional's are extremely knowledgeable and will provide the..."
34863,we be happy with our solar power and love the $ bill we get last month mark pacific mo homeowner hyperlink,"""We are happy with our solar power, and love the $11 bill we got last month."" Mark | Pacific, MO Homeowner http://t.co/VBEZ7FS01A"
35500,when you contact sierra pacific home and comfort for an energy efficient upgrade for your home statename office you will have the peace of mind,"When you contact Sierra Pacific Home and Comfort for an energy efficient upgrade for your home or office, you will have the peace of mind..."
36448,new blog post summer air conditioning and solar coupon check out the special offer for sierra pacific service hyperlink,New Blog Post: Summer Air Conditioning and Solar Coupons - Check out the special offers for Sierra Pacific service... http://t.co/VxNkhQxS0b
36699,save up to $ with our lennox summer promotion visit our website to learn more do not wait sierrapacific hyperlink,"Save up to $1,700 with our #Lennox Summer Promotions! Visit our website to learn more. Don't wait! #SierraPacific http://t.co/RJfGHzD8CK"
36777,sierra pacific home and comfort be dedicate to provide our customer with the best in solar energy home performance heating and air,"Sierra Pacific Home and Comfort is dedicated to providing our customers with the best in solar energy, home performance, heating and air...."
36820,we at pacific solar make sure that our product and service be at the high standard of quality and pacific hyperlink,We at Pacific Solar make sure that our products and services are at the highest standard of quality and Pacific... http://t.co/8yGT8LU4dP
36836,rt @bloombergnef our analysis suggest solar will be fully competitive with other power source in the asia pacific region by hyperlink,RT @BloombergNEF: Our analysis suggests solar will be fully competitive with other power sources in the Asia-Pacific region by 2020: http:/
36856,rt @pacificbiznew statename energy give $ to statename prince hotel waikiki for upgrade ac system hyperlink,"RT @pacificbiznews: Hawaii Energy gives $150,000 to Hawaii Prince Hotel Waikiki for upgrading AC system  http://t.co/HwnIKXgTbG"
36880,rt @hismallbiz pacific biz news vivint solar ceo say statename company have long term future in statename hyperlink,RT @HISmallBiz: [Pacific Biz News] Vivint Solar CEO says Utah company has long-term future in Hawaii http://t.co/rKYRDXh5p2
36884,rt @statename ndnews vivint solar ceo say statename company have long term future in statename pacific business news hyperlink,RT @Hawaii2ndNews: Vivint Solar CEO says Utah company has long-term future in Hawaii - Pacific Business News  http://t.co/jZTmGUt3Hr
36893,rt @pacificbiznew vivint solar ceo say statename company have long term future in statename hyperlink,RT @pacificbiznews: Vivint Solar CEO says Utah company has long-term future in Hawaii  http://t.co/fcLELkGJlg
36898,rt @dshimogawa exclusive vivint solar ceo say statename company have long term future in statename hyperlink via @pacificbiznew,RT @DShimogawa: EXCLUSIVE: Vivint Solar CEO says Utah company has long-term future in Hawaii http://t.co/SkelPX8X1g via @pacificbiznews
37317,design datereference to be hold by maradawn studio at pacific crest interior hyperlink via @sharethis,Design Sunday to be Held by Maradawn Studios at Pacific Crest Interiors http://t.co/3KLzPMopDv via @sharethis
37596,why pacific solar use our handy calculator to find out your saving hyperlink,Why Pacific Solar? Use our handy calculator to find out your savings!... http://t.co/1GQP7P8LFi
37996,become a rave fan of pacific solar better business bureau a rating do not lie call today hyperlink,Become a raving fan of Pacific Solar! Better Business Bureau A+ ratings don't lie. Call today!... http://t.co/r5LsVd0TXC
38054,no matter what system you currently have sierra pacific home and comfort have the solution for you visit our website to find out how we,No matter what system you currently have Sierra Pacific Home and Comfort has the solution for you! Visit our website to find out how we...
38113,sierra pacific home and comfort can offer you hybrid geothermal heating and cooling that be cost efficient and environmentally friendly,Sierra Pacific Home and Comfort can offer you hybrid geothermal heating and cooling that is cost efficient and environmentally friendly....
38187,sierra pacific home and comfort have stand the test of time and since we have satisfied ten of thousand of client who come back,"Sierra Pacific Home and Comfort has stood the test of time, and since 1984 we have satisfied tens of thousands of clients who come back..."
38277,our own aquarium of the pacific in longbeach be up for usa today 's best aquarium list no registration to vote hyperlink,Our own Aquarium of the Pacific in #LongBeach is up for USA Today's Best #Aquarium list!  No registration to vote! http://t.co/1KMEZWJ4jg
38869,sierrapacific have create a solar program that will allow our solar client to buy a solarpanelsreference w no money down hyperlink,#SierraPacific has created a #solar program that will allow our solar clients to buy a solar system w/no money down. http://t.co/oJrXSEMB3E
39021,solar energy be emerge as a go to energy option here statename and across the country sierrapacific hyperlink,#Solar #energy is emerging as a go-to energy option here #California and across the country. #SierraPacific http://t.co/kfCyNqe9Cf
39241,new blog post sierra pacific congratulate kyocera solar sierra pacific would like to congratulate the team hyperlink,New Blog Post: Sierra Pacific Congratulates KYOCERA Solar - Sierra Pacific would like to congratulate the team... http://t.co/7yIiRIns8z
39406,lunch with centralpacificbank 's ceo john dean and vp business bank lawrence pai at ige 's catering service hyperlink,"Lunch with #CentralPacificBank 's CEO John Dean and VP Business Banking Lawrence Pai at Ige's Catering Service,... http://t.co/4XQc9opYW3"
39749,the pro at sierrapacific home amp comfort have the expertise to provide you w all your hvac amp solar power need hyperlink,The pros at #SierraPacific Home &amp; Comfort have the expertise to provide you w/all your #HVAC &amp; #solar #power needs! http://t.co/yRoNRiSM9I
39847,you can count on sierrapacific to stand behind the work we do amp provide additional service whenever you need it hyperlink,You can count on #SierraPacific to stand behind the work we do &amp; provide additional service whenever you need it! http://t.co/KWNBU5RLWI
39911,rec 's drew bradely be speak about the future of solar in statename at asia pacific clean energy summit hyperlink,REC's Drew Bradely is speaking about the Future of Solar in #Hawaii at Asia-Pacific Clean Energy Summit 9/15! http://t.co/pi7rarbTqs
40039,pacific solar 's calculator will reveal exciting saving information regard your conversion to solar click on hyperlink,Pacific Solar's calculator will reveal exciting savings information regarding your conversion to solar. Click on... http://t.co/ARwcrs0dQs
40097,with solar heated pool from sierra pacific you can enjoy your pool in the fall hyperlink,"With solar heated pools from Sierra Pacific, you can enjoy your pool in the fall! http://t.co/P6IXPjlBcT http://t.co/kGOOMTNch1"
40106,asia pacific clean energy conference be come up next week catch rec 's draw bradley 's talk and see us at our booth hyperlink,Asia Pacific Clean Energy conference is coming up next week! Catch REC's Drew Bradley's talk and see us at our booth! http://t.co/y99qYPhb71
40320,today at the asia pacific clean energy conference do not miss rec 's draw bradley 's talk about solar 's future hyperlink,Today at the Asia Pacific Clean Energy conference don't miss REC's Drew Bradley's talking about solar's future! http://t.co/Zr2baQwRpc
40376,in hi at asia pacific clean energy summit stop by rec 's booth and learn about commercial solar cost amp financing hyperlink,In #HI at Asia Pacific Clean Energy Summit? Stop by REC's booth and learn about commercial solar costs &amp; financing! http://t.co/TsLdGeQMhA
40539,there r x as many solar school today vs twitterhandle install at many school photo'd here pacific ridge hyperlink,"There r 5x as many #solar schools today vs 2008. @SullivanSolar installs at many schools, photo'd here: Pacific Ridge http://t.co/BU7QIkMLFx"
41038,we be honor to be the recipient of the pacific edge corporate social responsibility award hyperlink,We are honored to be the recipients of the 2014 Pacific Edge Corporate Social Responsibility Award! http://t.co/YWTNO3qWNk
41072,reduce your energy bill amp start save money today go solar w sierra pacific home amp comfort hyperlink,Reduce your energy bills &amp; start saving money today! Go solar w/Sierra Pacific Home &amp; Comfort! http://t.co/z3NKJQj08N http://t.co/3ZldUlaVRJ
41554,sierra pacific home and comfort continue to earn and maintain an ever grow list of satisfied client because we always make your,Sierra Pacific Home and Comfort continues to earn and maintain an ever-growing list of satisfied clients because we always make your...
41654,let 's face it solar energy be definitely the future trend of energy call pacific solar today for your free hyperlink,"Let's face it, solar energy is definitely the future trend of energy.
Call Pacific Solar today for your FREE... http://t.co/8mBHGAFzGD"
42346,trust the experience of sierra pacific home amp comfort we have satisfied ten of thousand of client who come back to us for repeat,Trust the experience of Sierra Pacific Home &amp; Comfort! We have satisfied tens of thousands of clients who come back to us for repeat...
42487,one of the best way to produce hot water be by use a solar hot water heater that sierra pacific home and comfort currently offer,One of the best ways to produce hot water are by using a solar hot water heater that Sierra Pacific Home and Comfort currently offers...
42593,sierra pacific be proud to partner with mitsubishi electric engineer to offer energy efficient and environmentally friendly cooling and,Sierra Pacific is proud to partner with Mitsubishi Electric engineers to offer energy efficient and environmentally friendly cooling and...
42639,with our service format the service division of sierra pacific home and comfort be always there to take care of our client,"With our 24/7/365 service format, the service division of Sierra Pacific Home and Comfort is always there to take care of our clients..."
42877,sierra pacific home amp comfort would like to send a happy veteran day amp a thank you to all who have serve in our armed service,Sierra Pacific Home &amp; Comfort would like to send a Happy Veterans Day &amp; a Thank You to all who have served in our Armed Services!
43141,rt @pacificbiznew finalist in the leader in sustainability category cont twitterhandle twitterhandle pbnblh,RT @pacificbiznews: Finalists in the Leaders in Sustainability category (cont.): @pacbiodiesel @RevoluSun @StarwoodHawaii #PBNBLH
43585,with our service format the service division of sierra pacific home and comfort be always there to take care of our client,"With our 24/7/365 service format, the service division of Sierra Pacific Home and Comfort is always there to take care of our clients..."
43599,sierra pacific would like to wish you and your family a happy thanksgiving hyperlink,Sierra Pacific would like to wish you and your family a Happy Thanksgiving! http://t.co/nYVUp1NXLU
44116,way to go twitterhandle large hotel incentive ever thanks for do your part to conserve hyperlink @pacificbiznew,"Way to go, @HawaiianVillage - largest hotel incentive ever! Thanks for doing your part to conserve. http://t.co/cTPCcLslWC @Pacificbiznews"
44237,now that cooler temp be here you can rely on sierra pacific to provide you the best heating service hyperlink,"Now that cooler temps are here, you can rely on Sierra Pacific to provide you the best heating services! http://t.co/A1KP9hyiWp"
46792,pacific solar be a sunpower elite dealer amp we be here to assist you in instal solar at your home statename hyperlink,Pacific Solar is a SunPower Elite Dealer &amp; we are here to assist you in installing solar at your home or... http://t.co/6fujPrgdcu
47187,you can lower your energy bill by % w a new air heating amp cool system from sierra pacific home amp comfort hyperlink,You can lower your #energy #bills by 20% w/a new air #heating &amp; #cooling system from Sierra Pacific Home &amp; Comfort. http://t.co/EjrwxZ8sFt
47731,at the lennox dealer meeting this week sierra pacific win award year dealer award for year as cont hyperlink,"At the Lennox Dealer meeting this week, Sierra Pacific won 3 awards: 25 Year Dealer Award  for 25 years as (cont) http://t.co/TimexdCM8g"
47927,rt @mysolar u green energy seven sustainability lesson we can all learn from backpacker hyperlink apac pacific solar,RT @MySolar4u: Green Energy:  Seven sustainability lessons we can all learn from backpackers http://t.co/Dm1VPYhgza #APAC #Pacific #Solar
48911,at sierrapacifichomeandcomfort we offer a home performance evaluation for energyefficiency and comfort hyperlink,"At #SierraPacificHomeandComfort, we offer a home performance evaluation for #energyefficiency and comfort! http://t.co/BuKNzRy2Ab"
49387,solar energy be very reliable source of energy find out more about solar power and its benefit call pacific solar today,Solar energy is very reliable source of energy. Find out more about solar power and its benefits. Call Pacific Solar today!
49626,solarcraft be very proud to enter the pacific sun 's hall of fame a spot we earn for consecutive year of hyperlink,SolarCraft is very proud to enter the Pacific Sun's  HALL OF FAME! A spot we earned for 5 consecutive years of... http://t.co/PJJRz9OhQp
50779,here we go solar plane brace for day solo flight across the pacific fasten your seatbelt hyperlink,Here we go: Solar plane braces for 5-day solo flight across the Pacific. Fasten your seatbelt. http://t.co/McKVEwvpOE http://t.co/Sfww6nKFeA
50817,rt @mashable solar impulse pacific crossing will be ' flight of my life ' say pilot hyperlink,"RT @mashable: Solar Impulse Pacific crossing will be 'flight of my life,' says pilot http://t.co/dQQp7CS9av http://t.co/YXQ8erl0kb"
50838,i like a twitterhandle video from twitterhandle hyperlink robert reich take on the trans pacific partnership,I liked a @YouTube video from @moveon http://t.co/Xj5SnZ2N6Q Robert Reich takes on the Trans-Pacific Partnership
50856,rt @solarimpulse the pacific crossing will be the long flight in both distance and duration ever make with a solar airplane hyperlink,RT @solarimpulse: The #Pacific Crossing will be the longest flight in both distance and duration ever made with a #solar airplane! http://t
50986,congratulation to project developer nicole lemas for be select as one of pacific business news forty under hyperlink,Congratulations to Project Developer Nicole Lemas for being selected as one of Pacific Business News Forty under 40! http://t.co/Mey1ZCIA9a
51016,this datereference twitterhandle will begin their flight across the pacific learn more hyperlink mondaymotivation,This Tuesday @SolarImpulse will begin their flight across the Pacific. Learn more: http://t.co/Zh1ULz3wm6 #MondayMotivation
51100,doubletree waikiki receive $ k incentive check for energy saving light hyperlink via @pacificbiznew,DoubleTree Waikiki receives $54k incentive check for energy-saving lights http://t.co/9MVo3yY0wy via @Pacificbiznews
51194,at pacific solar we pride ourselves on attention to design detail high quality installation and our hyperlink,"At Pacific Solar, we pride ourselves on attention to design detail, high-quality installations and our... http://t.co/bGsOjM9Ito"
51198,statename sustainability leader to meet datereference at pbn panel discussion hyperlink via @pacificbiznew,Hawaii sustainability leaders to meet Friday at PBN panel discussion http://t.co/UPovqvjqUc via @Pacificbiznews
51259,rt @pacificbiznew @pbneditor introduce the panelist for pbnsustainability hyperlink,RT @pacificbiznews: .@pbneditor introduces the panelists for #pbnsustainability http://t.co/RjVIK1aHJB
51260,rt @pacificbiznew rt @pbndigital pbnsustainability panel get underway at the plaza club hyperlink,RT @pacificbiznews: RT @pbndigital: #pbnsustainability panel getting underway at the Plaza Club http://t.co/5K1oPicure
51261,rt @pacificbiznew vittum of twitterhandle say big question what be the factor influence people in the community to do the right thin,RT @pacificbiznews: Vittum of @reusehawaii says big question: What are the factors influencing people in the community to do the right thin
51262,rt @pacificbiznew yost of twitterhandle say statename have be organize the wrong way we lose our connection with the land pbnsustainabili,RT @pacificbiznews: Yost of @RevoluSun says Hawaii has been organized the wrong way; we lost our connection with the land. #pbnsustainabili
51264,rt @pacificbiznew mikulina say twitterhandle survey find only % of resident think price of energy be most important factor pbnsus,RT @pacificbiznews: Mikulina says @BluePlanetFound survey found only 6% of residents think price of energy is most important factor #pbnsus
51265,rt @pacificbiznew vittum of twitterhandle say with tax credit deconstruction can be cheap than traditional demolition pbnsustainabili,RT @pacificbiznews: Vittum of @reusehawaii says with tax credits deconstruction can be cheaper than traditional demolition #pbnsustainabili
51266,rt @pacificbiznew rt @ulupono from @pacificbiznew ' pbnsustainability panel murray pay % less drive his ev than when he drive a f,RT @pacificbiznews: RT @Ulupono: From @pacificbiznews' #pbnsustainability panel: Murray pays 61% less driving his EV than when he drove a f
51267,rt @pacificbiznew rt @dshimogawa the top sustainable industry leader in statename be in this room pbnsustainability hyperlink,RT @pacificbiznews: RT @DShimogawa: The top sustainable industry leaders in Hawaii are in this room #PBNSustainability http://t.co/ysNAWwLJ
51268,rt @pacificbiznew overton of group as a firm we try to do project that be good for statename we say no to a lot of project pbnsus,"RT @pacificbiznews: Overton of Group 70: As a firm, we try to do projects that are good for Hawaii. We say no to a lot of projects. #pbnsus"
51269,rt @pacificbiznew yost holy grail of sustainability be find a way to disconnect from the sewer system pbnsustainability,RT @pacificbiznews: Yost: Holy Grail of sustainability is finding a way to disconnect from the sewer system. #pbnsustainability
51329,change mindset key for sustainability pbn panelist say slideshow hyperlink via @pacificbiznew,"Changing mindsets key for sustainability, PBN panelists say: Slideshow http://t.co/bVsNFYofZD via @Pacificbiznews"
51461,a plane power entirely by twitterhandle solar cell be fly across the pacific hyperlink,A plane powered entirely by @SunPower #solar cells is flying across the pacific.  http://t.co/SGJNNMKqOJ
52420,when you want to upgrade your home comfort call on the pro at sierra pacific home amp comfort hyperlink,"When you want to upgrade your home comfort, call on the pros at Sierra Pacific Home &amp; Comfort! http://t.co/6bhUF6OA8Q http://t.co/Li3dxOMWor"
52484,pbn panelist weigh in on what statename need to do to be self sustain hyperlink via @pacificbiznew,PBN panelists weigh in on what Hawaii needs to do to be self-sustaining http://t.co/EOA8ShL3Ot via @Pacificbiznews
52813,rt @solarimpulse all eye on twitterhandle as he be about to attempt the first ever solar flight across the pacific hyperlink,RT @solarimpulse: All eyes on @andreborschberg as he is about to attempt the first EVER #solar flight across the #Pacific! http://t.co/WIG2
53138,call sierra pacific now at and ask for your free no obligation solar estimate statename visit our website to request an,Call Sierra Pacific now at (800) 551-3040 and ask for your FREE no-obligation solar estimate or visit our website to request an......
53141,rt @solarimpulse meanwhile a solar airplane be fly through the night above the pacific ocean will he make it futureiclean hyperlink,"RT @solarimpulse: Meanwhile, a #solar airplane is flying through the night above the #Pacific Ocean. Will he make it? #futureiclean http://"
53217,hawaiian electric solarpanelsreference plan raise cost of new system installation hyperlink via @pacificbiznew,Hawaiian Electric rooftop solar plan raises cost of new system installations http://t.co/KigoRTjWSs via @Pacificbiznews
53315,rt @ this plane just fly across the pacific ocean without a drop of fuel solarpower hyperlink,RT @350: This plane just flew across the Pacific Ocean without a drop of fuel. #SolarPower http://t.co/eJq4FSKFRc http://t.co/ArFhhULm70
53420,rt @huffposttech solar power plane soar over the pacific without a single drop of fuel hyperlink,RT @HuffPostTech: Solar-powered plane soars over the Pacific without a single drop of fuel http://t.co/j13nY5ZlkW
53529,oahu 's solar energy industry continue to heat up hyperlink via @pacificbiznew,Oahu's solar energy industry continues to heat up http://t.co/zsuyRHTM8z via @Pacificbiznews
53670,rt @intersolar tonight join us for the intersolar welcome reception at timereference level pacific terrace see you there hyperlink,"RT @Intersolar: TONIGHT: Join us for the #Intersolar welcome reception at 7pm. Level 4, Pacific Terrace. See you there! http://t.co/MCuIiZp"
54042,senator propose to extend federal solarenergy taxcredit hyperlink via @pacificbiznew,Senators propose to extend federal #solarenergy #taxcredit. http://t.co/f5JNcfqQ6Y via @pacificbiznews
54337,when you need a good cityname contractor for ac repair you need to call sierra pacific hyperlink,When you need a good #Sacramento contractor for #AC #repair you need to call Sierra Pacific! (800) 551-3040 http://t.co/lCpKFNQtIW
54852,david gorman people on the move pacific business news hyperlink via @pacificbiznew,David Gorman | People on the Move - Pacific Business News http://t.co/ojhAeRO5Xw via @Pacificbiznews
55083,join rec at the asia pacific clean energy summit in hi amp see draw bradley 's solar talk hyperlink,Join REC at the 2015 Asia Pacific Clean Energy Summit in HI &amp; see Drew Bradley's #solar talk: http://t.co/uTICTHrNWU http://t.co/EslZdIIQ67
55122,ready for next week 's asia pacific clean energy summit in statename we will be there too hyperlink,Ready for next week's Asia Pacific Clean Energy Summit in Hawaii? We'll be there too: http://t.co/zG7M27U2lc http://t.co/piBId6Xdwf
55160,the asia pacific clean energy summit in hi be almost here see you at booth and at draw bradley 's solar talk hyperlink,The Asia Pacific Clean Energy Summit in HI is almost here! See you at Booth 808 and at Drew Bradley's #solar talk! http://t.co/hHPAJTG1rH
55209,today timereferenceam hst do not miss draw bradley talk solar at the asia pacific clean energy summit hyperlink,"Today, 10:45AM HST don't miss Drew Bradley talk solar at the Asia Pacific Clean Energy Summit http://t.co/4gsFVx3dUt http://t.co/2LAuKm6LkP"
55247,if you miss draw bradley 's solar talk at the asia pacific clean energy summit datereference see him at rec 's booth hyperlink,"If you missed Drew Bradley's solar talk at the Asia Pacific Clean Energy Summit yesterday, see him at REC's Booth 808 http://t.co/uXQllnU2NX"
55288,ian hagn people on the move pacific business news hyperlink via @pacificbiznew,Ian Hagn | People on the Move - Pacific Business News http://t.co/X9drHFbfK4 via @Pacificbiznews
55320,india pledge solar power to pacific island hyperlink by twitterhandle hyperlink,India Pledges Solar Power to Pacific Islands http://t.co/aDNKE00joq by @IndustryWeek http://t.co/AloY3wZSt9
55321,it ' the last day of the asia pacific clean energy summit stop by rec 's booth to talk solar for your hi business hyperlink,It's the last day of the Asia Pacific Clean Energy Summit! Stop by REC's Booth 808 to talk solar for your HI business http://t.co/V1iH9Pi7rx
57387,pacific solar team of design and installation expert utilize partnership with the most advanced technology hyperlink,Pacific Solars team of design and installation experts utilizes partnerships with the most advanced technologies... https://t.co/pw6AvNHbgS
57544,pacific solar know business we offer several option to match your need we know that the finance behind hyperlink,"Pacific Solar knows business.

WE OFFER SEVERAL OPTIONS TO MATCH YOUR NEEDS.

We know that the finances behind... https://t.co/XzFVtbCM3f"
57545,solarimpulse be build to take up the challenge of the st solar flight around the world in pacificsolar hyperlink,#SolarImpulse 2 was built to take up the challenge of the 1st #solar flight around the world in 2016. #PacificSolar https://t.co/FZQhQqnhPM
57607,visit our pacific solar booth and receive information on how to make solar in your home a reality hyperlink,Visit our Pacific Solar Booth and receive information on how to make solar in your home a reality!... https://t.co/Pkbsi5gRcy
57661,pacific solar know that you and your finance be different from your neighbor with this in mind we make sure hyperlink,"Pacific Solar knows that you and your finances are different from your neighbor. With this in mind, we make sure... https://t.co/mWqY5LtORq"
57716,boost the efficiency of solarpanelsreference interesting pacificsolar solarpanelsreference solarenergyequipment hyperlink,Boosting the efficiency of solar panels. Interesting! #PacificSolar #SolarPanels #SolarEnergyEquipment https://t.co/j8tLAyQqYX
57825,wish everyone a happy halloween have a great datereference pacificsolar cityname hyperlink,Wishing everyone a Happy #Halloween! Have a great weekend! #PacificSolar #Fresno https://t.co/q9c8T64Myn
58011,google light up project sunroof for test solarenergy saving pacificsolar cityname hyperlink,#Google Lights Up Project Sunroof For Testing #SolarEnergy Savings. #PacificSolar #Fresno... https://t.co/1R3zocUuKF
58039,help save rooftop solar pacificsolar solarenergy solarpanelsreference sign the petition hyperlink,"Help Save Rooftop #Solar! 
#PacificSolar #SolarEnergy #SolarPanels

Sign the #petition: https://t.co/clZSOTK89Y https://t.co/ncJnctEoAn"
58077,why solar panel efficiency matter more than you think pacificsolar cityname solarpanelsreference hyperlink,Why Solar Panel Efficiency Matters More Than You Think. #PacificSolar #Fresno #SolarPanels https://t.co/O7rDJRp5YI
58323,solar innovation that be revolutionize the world pacificsolar cityname solarintegration hyperlink,5 #Solar Innovations That Are Revolutionizing the World. #PacificSolar #Fresno  #SolarIntegration https://t.co/Mc4HVTs94T
58346,thank you island pacific academy for your recognition islandpacificacademy alternateenergyhawaii hyperlink,"Thank you Island Pacific Academy for your recognition!
#IslandPacificAcademy #AlternateEnergyHawaii... https://t.co/KDXzHaW2P8"
58552,companyreference 's rooftop panel be about to get way better pacificsolar cityname solarpanelsreference hyperlink,"#SolarCity's Rooftop Panels Are About To Get Way, Way Better. #PacificSolar #Fresno #SolarPanels https://t.co/yAkUsIW2HD"
58686,the next generation of solarpanelsreference datereference be inspire by ancient japanese papercraft pacificsolar solarpanelsreference hyperlink,The Next Generation Of Solar Panels May Be Inspired By Ancient Japanese Papercraft. #PacificSolar #SolarPanels... https://t.co/7HN0iiRwCQ
58761,happy thanksgiving from pacific solar thanksgiving pacificsolar cityname solarequipmentsupplier hyperlink,Happy Thanksgiving from Pacific Solar! #Thanksgiving #PacificSolar #Fresno #SolarEquipmentSupplier https://t.co/bHCmLH0ae2
58945,financial innovation and solarpower conquer energy poverty pacificsolar cityname solarintegration hyperlink,Financial Innovation and #SolarPower: Conquering #Energy Poverty. #PacificSolar #Fresno #SolarIntegration https://t.co/VZQBW11M7M
58975,a bright future yes with these solar power technology pacificsolar cityname solarequipmentsupplier hyperlink,"A Bright Future? Yes, With These #Solar Power Technologies. #PacificSolar #Fresno #SolarEquipmentSupplier https://t.co/cw6YlEOcEL"
59231,find out if your house be a good candidate for solar energy pacificsolar solarequipmentsupplier cityname hyperlink,Find out if your house is a good candidate for #solar #energy. #PacificSolar #SolarEquipmentSupplier #Fresno https://t.co/UYcAULyPhh
59358,google 's solar power project expand to a city near you pacificsolar solarpower cityname hyperlink,#Google's Solar Power Project Expands to a City Near You. #PacificSolar #SolarPower #Fresno https://t.co/Ge7Hx9hvpe
59477,float solarpanelsreference a viable solution pacificsolar cityname solarequipmentsupplier hyperlink,Floating Solar Panels: A Viable Solution? #PacificSolar #Fresno #SolarEquipmentSupplier https://t.co/EeqFRU8TNj
59668,beverly au people on the move pacific business news hyperlink via @pacificbiznew,Beverly Au | People on the Move - Pacific Business News https://t.co/uJvUgrzdoZ via @Pacificbiznews
59725,statename regulator reject steep fee for solar user victory for solar power pacificsolar cityname hyperlink,#California regulators reject steeper fees for #solar users. Victory for solar power! #PacificSolar #Fresno... https://t.co/rzjyq4HEVz
59886,odds on an solar investment tax credit itc extension seemingly rise by the minute pacificsolar gosolar hyperlink,Odds on an #Solar Investment Tax Credit (ITC) Extension Seemingly Rising by the Minute. #PacificSolar #GoSolar... https://t.co/cn6bORd2A0
60076,cpuc reject net metering rate increase pacificsolar solarenergy cityname hyperlink,CPUC Rejects Net Metering Rate Increases. #PacificSolar #SolarEnergy #Fresno https://t.co/e6X9eQzT7c
60117,how the national solar lobby pass the investment tax credit pacificsolar cityname solarenergy hyperlink,How the National Solar Lobby Passed the Investment Tax Credit. #PacificSolar #Fresno #SolarEnergy https://t.co/Xv0sJt4iZN
60303,check us out in the book of list from pacific business news we 're list as a top solarpanelsreference provider in hyperlink,Check us out in The Book of Lists from Pacific Business News! We're listed as a top photovoltaic provider in... https://t.co/7fdZtJVoZ2
60378,why be solar energy important pacificsolar solarenergyequipment solarenergy hyperlink,Why Is Solar Energy Important? #PacificSolar #SolarEnergyEquipment #SolarEnergy https://t.co/zljr7bisX4
60545,do you know when hybrid hit the road statename solarpanelsreference be invent pacificsolar cityname solarenergy hyperlink,Do you know when hybrids hit the road or #SolarPanels were invented? #PacificSolar #Fresno #SolarEnergy https://t.co/lLHHCJCe28
60630,scientist have invent a new glass coating for omnidirectional solarpanelsreference pacificsolar solarequipmentsupplier hyperlink,Scientists have invented a new glass coating for omnidirectional #SolarPanels. #PacificSolar #SolarEquipmentSupplier https://t.co/roTSuDS3FC
60936,here ' what you need to know about the warm planet how it ' affect us and what ' at stake pacificsolar hyperlink,"Here's what you need to know about the warming planet, how it's affecting us, and what's at stake. #PacificSolar... https://t.co/x485quS4RI"
61151,solarenergy fact interesting fact about solar energy pacificsolar cityname solarpower hyperlink,#SolarEnergy Facts. 10 Interesting Facts about Solar Energy. #PacificSolar #Fresno #SolarPower https://t.co/VLCmZldP4V
61200,way to adopt solar energy on the cheap pacificsolar cityname solarenergy hyperlink,7 ways to adopt #solar energy on the cheap. #PacificSolar #Fresno #SolarEnergy https://t.co/TilSwUuzWh
61366,interesting fact about solar energy pacificsolar cityname solarenergy hyperlink,10 Interesting Facts about #Solar #Energy. #PacificSolar #Fresno #SolarEnergy https://t.co/rYpKanS7al
61703,do you know when hybrid hit the road statename solarpanelsreference be invent pacificsolar cityname solarenergy hyperlink,Do you know when hybrids hit the road or #solarpanels were invented?  #PacificSolar #Fresno #SolarEnergy https://t.co/1eAUyaiE45
61937,top reason to go solar right now pacificsolar cityname solarenergy hyperlink,Top 5 Reasons to Go #Solar Right Now. #PacificSolar #Fresno #SolarEnergy https://t.co/r1fOhkjceE
62056,solarpower tip for homeowner consider solarpanel system pacificsolar cityname solarenergy hyperlink,#SOLARPOWER: #Tips for homeowners considering #solarpanel systems. #PacificSolar #Fresno #SolarEnergy https://t.co/VTFeT6FlgX
62320,solarpower energy information solar power energy fact pacificsolar solarpanelsreference solarenergy cityname hyperlink,"#SolarPower Energy Information, Solar Power Energy Facts. #PacificSolar #SolarPanels #SolarEnergy #Fresno https://t.co/m9T2K0Devk"
62401,solarenergy top natural ga in us capacity growth pacificsolar cityname hyperlink,#SolarEnergy Tops Natural Gas in 2015 US #Capacity Growth. #PacificSolar #Fresno https://t.co/qpy2k4B5zx
62536,these country be lead the world in solarenergy pacificsolar cityname hyperlink,These 10 #countries are leading the world in #solarenergy. #PacificSolar #Fresno https://t.co/3d5894xGqv
62758,help steer solarenergy into low income community pacificsolar cityname hyperlink,#Help Steer #SolarEnergy Into Low-Income #Communities #PacificSolar #Fresno https://t.co/yA1vKYScxF
62828,usermention thanks for the kind word we do not have a firm timeline for the pacific nw but we 're grow fast so stay tune,"@MikeBarbre Thanks for the kind words! We don't have a firm timeline for the Pacific NW but we're growing fast, so stay tuned."
62948,what you should know about add solarenergy to your home pacificsolar cityname hyperlink,What You Should Know about Adding #SolarEnergy to Your Home. #PacificSolar #Fresno https://t.co/8b8OVyfrZz
63027,solarenergy be poise for an unforgettable year pacificsolar cityname solarpower hyperlink,#SolarEnergy is poised for an unforgettable year. #PacificSolar #Fresno #SolarPower https://t.co/kXSODWOYAN
63160,this be why solarpanelsreference will boom early next year pacificsolar cityname hyperlink,This is Why #SolarPanels Will Boom Early Next Year #PacificSolar #Fresno https://t.co/eYiN247lVK
63256,why solarpower doesn t threaten electricutilities pacificsolar cityname hyperlink,Why #SolarPower Doesnt Threaten #ElectricUtilities #PacificSolar #Fresno https://t.co/G1Pli81teM
63354,sustainable coastline statename solution art gallery slideshow hyperlink via @pacificbiznew,Sustainable Coastlines Hawaii Solutions art gallery Slideshow https://t.co/GlfBFB60HL via @Pacificbiznews
63466,just place them in the sun and let them go to work solarpower pacificsolar cityname hyperlink,Just place them in the sun and let them go to work. #SolarPower  #PacificSolar #Fresno https://t.co/Kvl1QS9wGv
63744,how much be solarpanelsreference wrong question ask how much solarpanelsreference can save you pacificsolar cityname hyperlink,How Much Are #SolarPanels? Wrong Question. Ask How Much Solar Panels Can #Save You. #PacificSolar #Fresno https://t.co/Shj5iPrRvr
63909,solar impulse complete long delay flight across the pacific hyperlink solarnews thefutureisclean renewableenergy,#Solar Impulse completes long-delayed flight across the Pacific https://t.co/juuddMyYlW #solarnews #thefutureisclean #renewableenergy
64192,disney tap solarpower with mickey mouse solarpanelsreference project pacificsolar cityname hyperlink,#Disney Taps #SolarPower With Mickey Mouse PV Project. #PacificSolar #Fresno https://t.co/f5LoIuEgxD
64300,here come the next huge wave of solarpanelsreference pacificsolar cityname hyperlink,Here Comes The Next Huge Wave Of #SolarPanels. #PacificSolar #Fresno https://t.co/Np4O7WDb7i
64439,say cheese headshot teamasd vipforum gosolar solarjobs @ pacific palm resort hyperlink,"Say ""cheese!"" #headshots #teamASD #VIPforum #gosolar #solarjobs @ Pacific Palms Resort https://t.co/SXOdfpacd4"
