hashtag,Count
solar,1133
fb,250
solarenergy,195
solarchat,194
gogreen,116
jobs,104
energy,78
saveourplanet,76
87solarmyths,73
green,68
sdge,56
sandiego,45
solarpower,43
solarthon,38
scv,30
solpwr10,27
vr4smallbiz,26
ff,26
energyefficiency,26
gosolar,24
orangecounty,23
losangeles,22
solareenergy,22
solarpanels,22
energysavings,20
santaclarita,20
california,19
earthhealth,19
sandy,18
insideenergy,18
in,18
sunpower,17
norcal,17
news,17
summersale,16
earthday,15
ev,15
preserveourresources,15
solarcity,14
inlandempire,14
sungate,14
renewable,14
electricity,13
sd,13
solarthongla,13
savewithsolar,11
climate,11
cleantech,11
pv,10
ca,10
renewableenergy,9
solarinsight,9
sf,8
dreambig,8
solarinstallation,7
saveenergy,7
free,7
ipad,7
home,7
atoc,7
business,6
corona,6
donation,6
efficiency,6
retweet,6
naturalenergyusa,6
sweepstakes,6
sun,5
dcenergyexpo,5
solarimpulse,5
renewables,5
so,5
la,5
constantcontact,5
padres,5
job,5
lawind,5
grandopening,5
grid,5
sotu,5
solarthonsd,5
valencia,5
sdg,5
oilspill,4
veterans,4
giveback,4
casestudy,4
solarpoll,4
nyc,4
hiring,4
climatechange,4
solarstrong,4
electric,4
thanksgiving,4
southerncalifornia,4
cleanenergy,4
p2,4
summer,4
riverside,4
bayarea,4
sol,4
savemoney,4
ab217,4
yelp101,4
sce,3
infographic,3
sixwords,3
greenbuilding,3
sd2011,3
nasdaqgreen,3
chargers,3
actonclimate,3
generalratecasefiling,3
socal,3
intersolar,3
spi2011,3
wind,3
li,3
solarsandyproject,3
gboh12,3
cpuc,3
july,3
ecofriendly,3
investment,3
localnews,3
leasing,3
installation,3
winning,3
sunshine,3
oil,3
ny,3
residential,3
nationalpoetrymonth,3
greenjobs,3
solarsince1977,3
cycling,3
colorado,3
gridalternatives,3
ipadmini,3
pvae,2
environment,2
facebook,2
greentech,2
givingtuesday,2
ted,2
givingback,2
rvparks,2
iphone,2
women,2
planetsolar,2
revengeoftheelectriccar,2
awesome,2
prop23,2
hemet,2
solarjob,2
improudtosay,2
rockaways,2
engery,2
solyndra,2
cnnhelpgulf,2
costeffectiveenergy,2
portland,2
oceanside,2
generalratecase,2
eco,2
superbowl,2
cwnyc,2
sanjose,2
greenenergy,2
art,2
wref2012,2
poolhouse,2
choosesolar,2
greenapple,2
globalwarming,2
san,2
boston,2
bizitalk,2
tarsands,2
america,2
tech,2
clean,2
gelighting,2
homeowner,2
nasdaq,2
mtvcribs,2
money,2
actonclima,2
tips,2
roadster,2
nokxl,2
sustainable,2
proskore,2
solarmarketing,2
entertowin,2
horizonsolarpower,2
carbon,2
noelectricbill,2
pr,2
iu11,2
ecomonday,2
solarworld,2
worldcup,2
temeculaballoonandwinefestival,2
nowyouknow,2
spiconvention,2
holidays,2
walmart,2
ikea,2
kpbs,2
costs,2
photo,2
generator,2
solarpowerwomen,2
blog,2
wellsfargo,2
rooftopsolar,2
success,2
solarinstallers,2
greener,2
employment,2
innovation,2
power,2
photovoltaic,2
franchising,2
deserthome,2
library,2
hvac,2
tesla,2
contest,2
its2012and,2
electricty,2
ases,2
football,2
utilities,2
youtube,2
4thofjuly,2
autodealerships,2
womensday,2
electricitybill,2
raining,1
baybridge,1
gr,1
amgentour,1
callnow,1
ge,1
sleep,1
militarysolar,1
golf,1
livelighty,1
commitforum,1
tx,1
theatrethursday,1
newhall,1
atlas,1
energysto,1
sailboat,1
tonygwynn,1
prayfornewtown,1
ukulele,1
very,1
kitty,1
ifihadsuperpowers,1
hardwork,1
energystorage,1
sunrun,1
tickets,1
allamericanrejects,1
givesback,1
pleasanton,1
sanfran,1
highelectricityprices,1
warrenbuffett,1
mlkday,1
sxswi,1
residentialsolar,1
girlpower,1
olympic,1
portable,1
trend,1
readyforspring,1
foxnews,1
go,1
video,1
sfbay,1
takeoff,1
miliary,1
reviews,1
socaledison,1
chicago,1
nasdaqgr,1
hatemyjob,1
richmond,1
readysethut,1
fossil,1
net,1
delmar,1
solartour,1
nationaldoughnutday,1
fundly,1
commercial,1
baseball,1
berkeley,1
solarindustry,1
change,1
bakersfield,1
arcadia,1
bldperris,1
5totry,1
experience,1
socialenterprise,1
airport,1
eve6,1
specs2012,1
beatla,1
love,1
apple,1
gotsolar,1
usgbcla,1
resolutions,1
homebiz,1
powersavingsplan,1
sports,1
music,1
vehicle,1
photovoltaicpanels,1
9daystilsummer,1
nobrainer,1
hydro,1
cantwait,1
ramona,1
capandtrade,1
oregon,1
recycle,1
solarc,1
benefits,1
solarelectric,1
tampa,1
md,1
ibm,1
spi,1
car,1
sweeps,1
smallbiz,1
transparency,1
talksolar,1
labcsummit13,1
exports,1
scvbiznews,1
fortune40,1
buil,1
mentionsomeonebeautiful,1
texas,1
rotaryinternational,1
ecforum,1
npla,1
csi,1
ene,1
democracy,1
sierraclub,1
prop26,1
mapo,1
slarenergy,1
powershift,1
offshore,1
csr,1
smartgrid,1
appsforenergy,1
campgrounds,1
dc,1
sustainability,1
ironman,1
fl,1
mendocino,1
worldaidsday,1
thankourheroes,1
desertec,1
innovativehome,1
volunteers,1
fresno,1
sustainabil,1
hotairballoons,1
bostonstrong,1
cagov,1
greenjob,1
socialmedia,1
freeestimates,1
sxsweco,1
since1977,1
sb12con,1
holiday,1
petition,1
whirlpool,1
sketchnotes,1
hugeshipment,1
smallbusiness,1
ceo,1
nation,1
homebuilder,1
mgmt,1
thepalmsriverresort,1
collcons,1
solarjobs,1
scottymccreery,1
newyorktimes,1
follow,1
victory,1
corpresponsbility,1
h,1
solarinstall,1
naias,1
intersolartweetup,1
mobilehomeparks,1
solarisaffordable,1
doughnut,1
durability,1
ee,1
house,1
socialrevolution,1
campground,1
electricdrive,1
fallbrook,1
logo,1
rt,1
matt,1
netmetering,1
sd10,1
veteransday,1
20under20,1
domesticfuel,1
smi,1
internet,1
smog,1
livelightly,1
electriccars,1
vegastech,1
wewontlastif,1
friday,1
incentives,1
greenliving,1
tzero,1
asg,1
giveaway,1
recs,1
sanluisobispo,1
spicon,1
organic,1
shareit,1
g,1
bldcathedralcity,1
smarthome,1
imonabus,1
iso,1
w,1
rainforest,1
romania,1
pge,1
wash,1
backyard,1
vote,1
gonaturalenergyusa,1
biz_hype,1
chase4vets,1
greenmlk,1
equinox,1
festival,1
cagrid,1
solstice,1
boating,1
mothersday,1
solarfact,1
energysaving,1
nv03,1
lease,1
rioplus20,1
malibu,1
innevate,1
obama,1
farming,1
financialtimes,1
greenbutton,1
minnesotapride,1
ihatespam,1
happyhumpday,1
referral,1
acquisition,1
nocats,1
eis12,1
solarinstaller,1
actoncli,1
jobcreation,1
globally,1
timeforchange,1
sdhs,1
incentive,1
edasner,1
igihof,1
surf,1
germany,1
c3ewomen,1
newjersey,1
solarflares,1
altadena,1
sunpowergame,1
energyai,1
needles,1
yum,1
goodcause,1
bestofscv,1
wine,1
sunset,1
fact,1
highestbill,1
acrostreetteam,1
playoffs,1
energyefficient,1
enphase,1
buildingcredits,1
radio,1
bldjurupa,1
ifantasizeabout,1
earth,1
funfact,1
casolarequity,1
goingsolar,1
gulf,1
giants,1
realgoodssolar,1
whyareyou,1
newyear,1
sierra,1
election2012,1
dodge,1
julypromo,1
muni,1
honda,1
stop,1
87solar,1
solarstreetteam,1
autos,1
solarsystem,1
sdfl,1
dr,1
greens,1
quotes,1
smartmoves,1
stanford,1
gulfcoast,1
affordable,1
eastoncorbin,1
greennet,1
solardreamjob,1
worstcooks,1
greece,1
imonaboat,1
honstely,1
sdsge,1
installations,1
lasolartweetup,1
farmers,1
wow,1
ventura,1
game7,1
olympics,1
viper,1
x24,1
brentwood,1
greenhome,1
paloalto,1
solarscooter,1
sanbernardino,1
photovoltaics,1
homeshow,1
sola,1
rvpark,1
pdx,1
solpowr10,1
windworks,1
funfacts,1
iphonecharger,1
coc,1
workinghard,1
co,1
cancer,1
cl,1
simple,1
laborday,1
subscribe,1
independenceday,1
boat,1
roofing,1
temecula,1
alwayssunnyincolorado,1
powered,1
union,1
acroonthemove,1
tgif,1
vacation,1
gopro,1
laffest,1
streetfair,1
smiq1,1
ivoted,1
stemf,1
merchantcircle,1
livemusic,1
nextwave13,1
resort,1
vetsdaynyc,1
dolphinbabies,1
acpanel,1
homes,1
edmarkey,1
mlk,1
cash,1
smart,1
cox,1
gjgj,1
rateincrease,1
ebimmer,1
sunpoweryimby,1
technology,1
sockers,1
cleantechsummit,1
farmbill,1
speaker,1
bldwestcovina,1
partners,1
fossilfuel,1
nces6,1
sacramento,1
nces4,1
cheers,1
imthepersonwho,1
purpose,1
military,1
itisveryhot,1
bwest,1
cashback,1
savings,1
utilityrates,1
dadt,1
7555mission,1
pvamericaeast,1
veteran,1
wref,1
idontunderstandwhy,1
executive,1
inc500,1
inception,1
solarpowered,1
startups,1
solarhasarrived,1
greenbiz,1
actnow,1
solarpuppy,1
grnbz,1
sanonofre,1
santabarbara,1
solarmascot,1
bmxshow,1
careers,1
fremont,1
solarenthusiast,1
mom,1
world,1
bmwactivee,1
100kjobsmission,1
energ,1
like,1
summersolstice,1
solargo,1
sunshot,1
vetsday,1
greenhousegases,1
gardening,1
parade,1
iwannathank,1
twitter,1
tessera,1
homeandgarden,1
susty,1
100actions,1
daylight,1
solardecathlon,1
fortwo,1
leaf,1
totd,1
solarcitywi,1
fresnobiz,1
cnn,1
electricratesincrease,1
sdsu,1
refer,1
vtmash,1
startwithtrust,1
marketing,1
tvbwf,1
solarsweepstakes,1
stem,1
leadership,1
saveonelectricity,1
wildlife,1
altenergy,1
dnc,1
cleannrgx,1
act,1
dressforsuccess,1
riversidecounty,1
fundraising,1
communitysolar,1
entrepreneur,1
promise,1
twvt,1
einstein,1
gtmsolar11,1
ows,1
katie,1
wal,1
5star,1
solarjobsfair,1
murrieta,1
support,1
beer,1
fast,1
lakeskinner,1
happy,1
mountains,1
reffws,1
coke,1
ford,1
sxnotes,1
wereyouaware,1
groovy,1
greenappledayofservice,1
tco,1
sunmaxxsolar,1
us,1
recsolar,1
planet,1
uk,1
proud,1
nanotechnology,1
rosamond,1
dog,1
cleanlocalenergy,1
engineering,1
whitehotsunday,1
urbansustainability,1
politics,1
shooting,1
nj,1
solarfacts,1
peace,1
hybrid,1
leed,1
bldchinohills,1
greennews,1
puppy,1
24hours,1
sandiegoliving,1
myenergilifestyle,1
chevyvolt,1
stocks,1
weekend,1
localfoods,1
pool,1
solarcarports,1
vehicles,1
geothermal,1
sempra,1
shoutout,1
solarmyths,1
cpr,1
