Url	Count
	249
dotearth.blogs.nytimes.com	1
www.dailyenergyreport.com	1
www.clickgreen.org.uk	47
habitatgsf.org	1
www.kqed.org	1
sm.solarcity.com	7
www.hispanicbusiness.com	2
www.lifetime.com	2
inhabitat.com	37
www.nwitimes.com	2
www.pomeradonews.com	21
www.solarnovus.com	17
www.petproductnews.com	1
www.cnybj.com	1
recsolar.com	4
business-news.thestreet.com	2
www.solartechnologies.com	2
content.sierraclub.org	1
nchabitat.donorpages.com	1
www.windpowerengineering.com	1
thebusinessjournal.com	2
solarpower.org	2
thursdaysatnewhall.com	1
www.dailynews.com	1
www.2degreesnetwork.com	1
boingboing.net	1
www.marketplace.org	2
www.upi.com	1
www.concordcarotary.org	1
kck.st	1
www.energysage.com	2
greenliving.nationalgeographic.com	2
www.autoguide.com	2
eastcountymagazine.org	2
rossmoor.rotary5160.org	1
www.investorideas.com	1
veteransgreenjobs.org	2
api.tweetdeck.com	3
billmoyers.com	1
www.theleafexchange.com	1
diablosolar123.livejournal.com	1
www.yellowpages.com	371
latimesblogs.latimes.com	3
www.capitolweekly.net	2
www.theglobeandmail.com	2
www.SolarBillofRights.org	1
www.facebook.com	2080
solarchargeddriving.com	2
ecowatch.com	1
www.amandahansenfoundation.org	1
peakpowersolar.blogspot.com	2
www.delicious.com	1
www.intersolar.us	1
www.climatespectator.com.au	1
eepurl.com	1
t.usnews.com	1
blog.hubspot.com	1
www.hanfordsentinel.com	1
video.cnbc.com	1
www.jobvine.co.za	1
comfortmatters.lennox.com	3
humanitariannews.org	1
katiecouric.com	1
blog.sfgate.com	2
science.time.com	1
www.turkeytrot.com	1
news.fresnobeehive.com	1
www.green-energy-news.com	1
www.nanowerk.com	1
www.gosolarcalifornia.org	3
www.solarenergy.net	4
refer.realgoodssolar.com	3
www.bostonglobe.com	2
www.divinecaroline.com	2
www.psfk.com	1
fightinghunger.walmart.com	1
www.usatoday.com	11
www.phillyburbs.com	1
www.protectnetmetering.org	1
www.solarallianceofamerica.com	131
docs.cpuc.ca.gov	4
www.technologyreview.com	3
moneyland.time.com	1
www.plusplasticelectronics.com	1
www.10news.com	3
feedly.com	1
thecleanrevolution.org	1
greenenergyguideline.com	1
thechronicleherald.ca	1
www.sunrun.com	3
ecopolitology.org	1
www.gosolarcalifornia.ca.gov	3
lemongrove.patch.com	1
video.webcasts.com	9
sdo.gsfc.nasa.gov	2
www.cnbc.com	1
www.shft.com	1
protectnetmetering.org	1
www.environmental-finance.com	1
shout.lt	1
www.luminalt.com	20
research.tdameritrade.com	1
www.motherjones.com	1
m.bizjournals.com	1
westcoastsolar.com	35
www.solar-facts-and-advice.com	1
www.FlavorProtection.com	1
www.environmentalleader.com	1
fresnofamous.com	1
danville.patch.com	1
www.hercasolar.com	1
www.dailyfinance.com	2
www.sce.com	1
www.energy-daily.com	1
www.consumerenergycenter.org	2
news.nationalgeographic.com	1
www.sierraclub.org	2
www.solarreviews.com	9
about.bnef.com	1
en.openei.org	1
solarallianceofamierca.com	1
www.sbwire.com	2
blogs.voanews.com	1
www.ksby.com	1
www.ecooutfitters.net	41
www.katiecouric.com	1
thebreakthrough.org	1
contemporaryenergy.co.uk	1
www.thevillagenews.com	1
finance.alphatrade.com	1
ezinearticles.com	2
blog.sandiego.org	2
www.earthtechling.com	18
www.thesungate.com	6
www.hismagazineonline.com	1
feedproxy.google.com	7
www.mojavedesertblog.com	1
bitly.com	5
ourplanet.infocentral.state.gov	1
feeds.mashable.com	1
blogs.kqed.org	2
solartribune.com	3
www.nfpa.org	1
dsireusa.org	1
t.co	2
richmondconfidential.org	1
www.mercurynews.com	25
npo1.networkforgood.org	1
www.heraldscotland.com	1
www.pv-tech.org	11
www.baycitizen.org	3
www.npr.org	4
vimeo.com	10
web.worldbank.org	1
www.mnn.com	7
www.solarcurator.com	1
www.trustlink.org	258
www.aer-online.com	1
opinionator.blogs.nytimes.com	1
www.contracostatimes.com	1
www.triplepundit.com	4
qz.com	3
www.solar-is-future.com	1
www.mlive.com	66
businessmirror.com.ph	1
www.kboi2.com	1
curiosity.discovery.com	2
9to5mac.com	1
www.websterpost.com	1
www.SparkOC.com	1
www.ted.com	1
www.arborday.org	1
guidemesolar.com	1
SolarPermit.org	1
hosted-p0.vresp.com	39
horizonsolarpower.com	2
www.supertopo.com	1
www.solarcity.com	126
sdge.com	1
www.california-solar-panel.blogspot.com.ar	1
www.habitatriverside.org	1
www.sustainablebrands.com	1
ases.conference-services.net	1
www.camajorityreport.com	1
secure.feedingamerica.org	1
www.naturalenergyusa.com	11
www.cleanenergysummit.org	1
sierraclub.typepad.com	3
school.discoveryeducation.com	1
www.solarbuzz.com	2
www.sustainablebusiness.com	8
solarenergyfactsblog.com	1
www.daily-chronicle.com	1
verdevillage.com	1
www.pacificsolarcompany.com	9
www.newrules.org	1
theenergycollective.com	7
ab217.org	1
fundly.com	1
www.thegreenskeptic.com	1
www.ase.org	1
www.lennox.com	13
act.credoaction.com	1
www.sd-solar.com	3
local.yahoo.com	10
thegreenregister.com	1
www.sdbj.com	1
fox5sandiego.com	3
www.energydigital.com	1
myemail.constantcontact.com	5
CleanTechies.com	1
www.satnews.com	1
idealab.talkingpointsmemo.com	3
www.sciencecodex.com	1
www.pvamericaexpo.com	1
www.usfa.fema.gov	1
www.dailyherald.com	1
www.starspangledbannerchallenge.com	1
www.dbcca.com	1
blog.solaruniverse.com	5
blog.heliopower.com	1
www.examiner.com	4
www.snsanalytics.com	1
www.coloradodaily.com	1
www.kcet.org	12
green.tmcnet.com	1
hercasolarblog.com	14
www.eesi.org	2
www.planetsolar.org	5
www.cleanlasolar.com	1
www.businesslive.co.za	1
www.extremetech.com	4
www.myfoxphilly.com	1
cleantech.strategyeye.com	1
www.eastcountymagazine.org	1
www.bbc.co.uk	5
www.sfbg.com	1
www.linkedin.com	102
www.indeed.com	2
www.scientificamerican.com	2
www.energyoutofthebox.com	1
www.miamiherald.com	1
greenconvergence.com	8
www.delmartimes.net	2
articles.latimes.com	3
venturespace.nl	1
www.solarimpulse.com	6
myreviewboost.com	208
www.treehugger.com	41
a.pgtb.me	25
www.newtimesslo.com	1
blog.ouroakland.net	1
www.energyfactcheck.org	1
www.modernismweek.com	2
ecoble.com	1
www.purdueexponent.org	1
www.solardaily.com	8
www.jpl.nasa.gov	3
solarguard.solarcity.com	1
www.yourclimatechange.org	2
www.kpbs.org	10
trib.al	6
www.popularmechanics.com	4
www.bobvila.com	1
www.pgecurrents.com	3
www.spur.org	2
joinmosaic.com	1
www.care2.com	2
abclocal.go.com	4
www.gardensbythebay.com.sg	1
www.prweb.com	7
sustainablecitiescollective.com	1
www.solarfeeds.com	15
markets.cbsnews.com	1
saveenergy.about.com	1
hotpurpleenergy.org	3
www.ktvu.com	1
www.good.is	6
m3mnoch.tumblr.com	1
www.peakpowerus.com	3
www.montereycountyweekly.com	1
www.woohome.com	1
promotion.binkd.com	1
jcscher.blogspot.com	2
www.thestreet.com	56
planetforward.org	1
www.socaltech.com	1
www.physorg.com	2
santamariatimes.com	1
www.thebusinessjournal.com	1
deals.utsandiego.com	2
oceanmelt.wordpress.com	1
visual.ly	1
tweetreach.com	1
solarcraft.com	1
www.nbclosangeles.com	2
www.myfoxphoenix.com	1
www.taiwannews.com.tw	1
www.greenhostit.com	1
www.sparetheair.org	2
sdres.org	1
www.businessinsider.com	3
www.solarenergy.com	3
wrcog.herofinancing.com	4
www.sungatereviews.com	3
gigaom.com	5
www.howtosolarpower.com	1
www.smarterroof.com	1
blogs.wellsfargo.com	2
cars.chicagotribune.com	1
www.marketwatch.com	7
thisbigcity.net	2
seekingalpha.com	2
physicsworld.com	1
www.genewscenter.com	1
www.google.com	15
www.solarpowerworldonline.com	39
telly.com	1
www.kusi.com	2
www.eia.gov	1
blog.cleantechies.com	5
www.greenerideal.com	3
www.sgvtribune.com	61
www.ecogreen4us.com	1
blogs.kusp.org	1
www.orlandosolarbearshockey.com	1
www.scienceworldreport.com	3
enphase.com	4
www.ilsr.org	6
www.yelp.com	5
jobs.jobsdirectusa.com	1
1bog.org	5
www.eventbrite.com	13
secure2.convio.net	1
sf.solarmap.org	2
images.businessweek.com	1
salsa.democracyinaction.org	1
www.scpr.org	5
itunes.apple.com	2
hq-salsa3.salsalabs.com	3
blog.coolerplanet.com	2
dailyinfographic.com	1
www.brentwoodcornfest.org	1
solarchat-052213-estw.eventbrite.com	1
framework.latimes.com	1
www.nasa.gov	1
www.nrdc.org	3
www.boston.com	4
www.thedailybeast.com	2
www.vcstar.com	3
arstechnica.com	2
solarthermalmagazine.com	1
www.theverge.com	1
None	32
www.earthdayweb.org	1
www.cleanenergyauthority.com	6
www.thedailyshow.com	1
on.fb.me	1
awe.sm	2
cleantechnica.com	38
www.cnn.com	8
bigstory.ap.org	4
www.edfpowerthegameslive.com	1
mlkday.gov	1
TheGreenOffice.com	1
www.siliconbeat.com	3
www.grist.org	9
act.350.org	2
www.tampabay.com	1
www.sunrunhome.com	6
action.sierraclub.org	3
gridalternatives.org	9
y2u.be	1
www.agrion.org	1
sungatereviews.com	1
encinitas.patch.com	1
www.spx.com	1
www.sunpowercorp.com	1
switchboard.nrdc.org	5
www.thunderclap.it	5
pinterest.com	16
www.wasterecyclingnews.com	1
instagram.com	18
community.givingtuesday.org	1
vikingmservices.blogspot.com	3
www.greencarreports.com	1
www.greentechmedia.com	65
blogs.scientificamerican.com	1
economics.wsj.com	1
trashbeautifultrash.blogspot.com	1
energy-discussions.com	1
www.power-eng.com	9
www.smartplanet.com	8
www.utilityproducts.com	1
sfbay.craigslist.org	7
hopatcong.patch.com	13
www.ebies.org	1
www.pr.com	9
www.lakeconews.com	1
yourhub.denverpost.com	1
video.nationalgeographic.com	2
www.recyclart.org	1
www.marinhomegarden.com	1
www.8newsnow.com	1
KPBS.org	2
video.pbs.org	1
www.miniinthebox.com	1
dailyfusion.net	1
salsa3.salsalabs.com	7
hub.am	11
www.missionmission.org	1
searchengineland.com	1
earthdaymarin.org	1
www.xs4green.com	1
rooftoprevolutionbook.com	1
green.blogs.nytimes.com	4
livinggreenmag.com	1
www.sandiegohomeservice.com	3
alamosolarcompany.blogspot.com	5
www.energystar.gov	3
carlsbad.patch.com	1
maplewood-brentwood.patch.com	47
www.livescience.com	1
downtowndevil.com	1
blog.sunrunhome.com	1
mysolarjob.tumblr.com	1
mashable.com	3
www.rotary.org	1
action.greenamerica.org	2
blog.americorpsalums.org	1
freeingthegrid.org	3
www.visitsandiego.com	1
organic-devon.co.uk	1
ases.org	5
youtu.be	23
www.simplyhired.com	1
www.fortmilltimes.com	1
www.greenconduct.com	1
www.greenbiz.com	7
www.smh.com.au	2
dvice.com	1
ecocentric.blogs.time.com	1
www.haitilibre.com	1
finance.yahoo.com	4
yfrog.com	1
seattletimes.com	1
recipes.kaboose.com	1
www.pica-org.org	1
www.prnewswire.com	3
coloradoenergynews.com	1
www.energybiz.com	1
blog.algore.com	2
science.kqed.org	1
www.gridalternatives.org	35
www.smartshoot.com	1
www.worldclassshows.com	1
environment.nationalgeographic.com	10
www.solarcraft.com	1
www.acroenergy.com	3
PROskore.com	2
www.dothebrightthing.nl	1
technology.inquirer.net	1
losangeles.craigslist.org	1
www.parkwestplace.com	1
www.drenergysaver.com	1
feeds.feedburner.com	7
sierraclub.org	1
thedianerehmshow.org	1
thepoliticscafe.com	1
www.icontact-archive.com	1
utsvt.com	2
signon.org	1
www.alligator.org	1
www.cleansolar.com	20
www.twentyfeet.com	2
runonsun.com	1
www.montpelierbridge.com	1
www.bizjournals.com	13
www.nctimes.com	15
www.space.com	3
www.myfootprint.org	1
www.gazette.com	1
blog.cleanenergy.org	2
www.themsap.org	3
www.bworldonline.com	1
e360.yale.edu	1
www.cleanedison.com	1
www.signalscv.com	2
tlc.howstuffworks.com	1
www.wunderground.com	1
www.latimes.com	18
www.change.org	6
solareenergy.com	416
hometownstation.com	1
www.aia.org	1
www.asiheatingandair.com	71
asihastings.blogspot.com	1
www.commonwealthclub.org	2
www.ecogeek.org	3
www.foxbusiness.com	2
www.solarartworks.com	1
www.thefiscaltimes.com	1
msnbc.nbcnews.com	1
shar.es	1
AllAfrica.com	1
www.solareenergy.com	2
apps1.eere.energy.gov	1
solstice2013.eventbrite.com	1
www.thegreenoffice.com	1
www.matternetwork.com	1
www.piersystem.com	1
www.independent.com	1
www.esa.int	1
science.howstuffworks.com	2
www.solarbuildermag.com	8
the-signal.upickem.net	1
www.utsandiego.com	28
www.advocate.com	1
www.ustream.tv	1
www.inc.com	1
insidescoopsf.sfgate.com	14
www.archdaily.com	1
www.palmspringscc.com	2
www.startribune.com	5
energycenter.org	3
breakingenergy.com	1
www.esolarenergynews.com	16
san-diego-solar-revolt.org	8
www.oceansidechamber.com	2
money.cnn.com	9
www.fastcoexist.com	1
www.gosolaire.com	3
identity3.com	2
green.yahoo.com	1
topics.nytimes.com	1
thesolarfoundation.org	12
www.homeshowconsultants.com	1
alamosolarcompany.blogspot.in	1
news.stanford.edu	2
sanfrancisco.cbslocal.com	4
www.cbsnews.com	10
plusorminusscience.blogspot.com	1
pagemagix.com	1
energy.gov	17
twitter.yfrog.com	10
www.nationofchange.org	1
tweetvite.com	1
mediamatters.org	2
web.energycenter.org	1
www.yumsugar.com	1
scoopsandiego.com	3
www.stumbleupon.com	1
www.cleantechsandiego.org	1
www.solar.com	2
blog.realgoods.com	1
blog.solarcity.com	4
abcnews.go.com	4
AltEnergyMag.com	2
www.bradshawfoundation.com	1
www.eeba.org	1
www.isuppli.com	1
www.americansolarmanufacturing.org	1
causecleanair.org	2
domesticfuel.com	2
delicious.com	1
zerowastehome.blogspot.com	1
www2.tbo.com	1
www.whitehouse.gov	5
earthdayalliance.com	1
www.asmdc.org	3
phx.corporate-ir.net	1
altenergymag.com	1
pacificsun.com	1
blog.wellsfargo.com	1
globalgreen.org	1
ow.ly	23
pacificsolarcompany.wordpress.com	30
markfigearo.blogspot.com	1
info.thesungate.com	7
www.classifiedads.com	4
www.spacedaily.com	1
www.theenergydaily.com	1
link.brightcove.com	1
blog.oregonlive.com	1
www.realgoodssolar.com	1
www.bhg.com	1
www.inhabitots.com	3
planetsave.com	2
www.pdeanforms.com	2
www.local.com	1
www.cpuc.ca.gov	4
plus.google.com	12
blog.theecoexperts.co.uk	1
gigaom2.wordpress.com	2
natenergy.tntmd.com	2
us4.campaign-archive1.com	1
www.csmonitor.com	4
www.mysanantonio.com	1
www.sepco-solarlighting.com	7
www.lowes.com	1
SolarCity.com	1
www.sacbee.com	5
www.theatlantic.com	5
www.mizellseniorcenter.org	1
eetd.lbl.gov	3
www.diablosolar.com	10
www.theguardian.com	6
www.surveymonkey.com	1
www.diamondcertified.org	4
www.ShatnerSolarAlliance.com	1
www.squidoo.com	2
www.earthday.org	3
www.brookings.edu	1
www.thesolarfoundation.org	5
petitions.moveon.org	7
www.sustainablebusinessoregon.com	2
www.forbes.com	25
www.greenbang.com	1
mygreenapple.org	1
hondasolarcity.com	1
thinkprogress.org	13
m.rollingstone.com	1
www.informationisbeautiful.net	4
www.sdge.com	4
www.telegraph.co.uk	1
www.pressdemocrat.com	2
www.theunion.com	2
business.time.com	1
www.business-support-network.org	1
www.fool.com	1
www.visitcalifornia.com	1
www.eastlaketimes.com	1
www.redcrossblood.org	1
www.echofirst.com	1
www.cvbj.biz	1
p0.vresp.com	1
www.sanluisobispo.com	1
www.genconnect.com	1
www.suntactics.com	1
www.firstgiving.com	2
openpv.nrel.gov	1
www.walmartgreenroom.com	1
slashdot.org	1
www.sunwize.com	1
singularityhub.com	1
www.nysolarjobs.com	1
www.rotaryoktoberfest.org	1
thehill.com	1
companies.lead411.com	1
sungateenergysolutions.com	2
www.nytimes.com	27
www.knoxnews.com	1
money.msn.com	1
solarcity-presents-inside-energy.tumblr.com	4
www.freeadlists.com	2
www.oregonlive.com	1
solar-nation.org	1
statigr.am	1
renewableelectricity.com	1
www.sohoos.com	1
www.homeaway.org	1
www.nbcnews.com	4
www.desertcharities.com	1
www.istockanalyst.com	1
today.msnbc.msn.com	1
player.vimeo.com	1
solagex.com	2
www.timesofmalta.com	1
mobile.bloomberg.com	1
www.thepetitionsite.com	2
www.noozhawk.com	2
www.thedailygreen.com	2
www.getsolar.com	6
blog.thesungate.com	25
www.mpowerplacer.org	1
www.stlbeacon.org	1
www.theatlanticcities.com	1
tickets.completeticketsolutions.com	1
www.ubergizmo.com	1
californiawatch.org	1
jobs.ziprecruiter.com	2
www.altenergymag.com	1
www.iesre.com	7
www.sandiego.org	2
blog.gogreensolar.com	1
www.senseandsustainability.net	1
www.politico.com	1
california-solar-panel.blogspot.com.ar	1
suntable.net	1
solar.calfinder.com	1
pipes.yahoo.com	2
djcoregon.com	3
futureoftech.msnbc.msn.com	1
edition.cnn.com	1
www.renewablesbiz.com	1
nest.com	1
www.bestcontracting.com	1
action.votesolar.org	1
www.readwriteweb.com	1
www.ibew11.org	1
hercasolar.com	2
www.bloomberg.com	9
www.nbc11news.com	1
www.businessweek.com	11
www.digitaltrends.com	2
www.recsolar.com	97
acshomeshow.com	1
www.pledgemusic.com	1
www.solarthermalmagazine.com	1
ecowatch.org	1
www.chicagotribune.com	3
usatoday30.usatoday.com	1
www.solagex.com	14
www.eco-business.com	1
www.tumblr.com	1
www.udel.edu	1
www.swimmingpool.com	1
www.solarthermalbiz.com	1
www.tcpalm.com	1
bit.ly	7
www.lacitysan.org	1
www.solarboatchronicles.com	1
horizonsolarpower.wordpress.com	1
bigthink.com	1
bostonglobe.com	3
bomvoting.pacificsun.com	2
www.globalpost.com	1
esciencenews.com	1
cwanamaker.hubpages.com	1
www.music-movement.org	1
solarcompany.wikidot.com	1
www.energynow.com	2
energy.aol.com	16
www.skyandtelescope.com	2
community.enphaseenergy.com	5
www.amazon.com	1
www.San-Diego-Solar-Revolt.org	1
blog.etoncorp.com	2
reviews.cnet.com	1
www.usnews.com	3
www.gizmag.com	1
www.southernliving.com	1
www.renewablegreenenergypower.com	1
cleanenergyaction.org	1
yng.li	1
www.kickstarter.com	2
www.pleasantondowntown.net	2
www.renewgridmag.com	1
stage.nrgsolar.com	1
www.mirror.co.uk	1
www.MyDesert.com	1
sf.innovationuncensored.com	1
solarcity.com	5
secure3.convio.net	2
www.rtcc.org	1
peakoil.com	2
www.colorado.edu	1
diablosolar12345.multiply.com	1
science.nbcnews.com	2
www.tgdaily.com	1
bls.gov	1
www.palmsriverresort.com	1
www.homepower.com	1
via.eurekafacts.com	1
www.solarcooltech.com	1
seia.org	1
ulocal.kitv.com	1
www.kudzu.com	1
www.iea.org	2
www.sba.gov	1
holykaw.alltop.com	1
www.oecd.org	1
www.njspotlight.com	1
www.merchantcircle.com	1
www.msnbc.msn.com	2
california-solar-panel.blogspot.com	30
votesolar.org	17
www.lipower.org	1
news.discovery.com	4
phys.org	1
www.free-press-release.com	1
www.daynews.com	1
www.lajollalight.com	1
articles.herald-mail.com	1
www.avertedimagination.com	2
www.takepart.com	3
paulstamatiou.com	1
www.sciencedaily.com	20
www.theclimategroup.org	1
www.behance.net	1
www.golfcartparade.com	1
www.lightpublic.com	1
www.storeboard.com	2
attendee.gotowebinar.com	1
www.sunset.com	2
www.capradio.org	2
www.ebayclassifieds.com	2
www.wellsfargo.com	1
www.solarpanelsoc.com	9
www.caiso.com	1
us.sunpowercorp.com	2
www.centralvalleybusinesstimes.com	1
www.solar-california.org	2
www.hookelenews.com	1
www.pv-magazine.com	10
home.howstuffworks.com	4
www.gardeningcolorado.com	1
www.ipsnews.net	1
www.koin.com	1
gridalternatives.force.com	1
bayarea.ebayclassifieds.com	2
5.	1
alternativeenergycom.ning.com	1
www.ases.org	48
www.yourdca.org	1
fiendcontent.com	1
www.economist.com	3
news.investors.com	2
www.idealist.org	1
timesofindia.indiatimes.com	2
www.hometextilestoday.com	5
www.9news.com	2
photoblog.nbcnews.com	1
www.cbs8.com	4
www.reit.com	1
www.gallup.com	2
www.sandiego6.com	7
www.signonsandiego.com	4
www.californiasolarstatistics.ca.gov	1
climateethicscampaign.org	1
www.unep.org	1
cleanlasolar.com	1
www.abc15.com	1
greenbuildingelements.com	2
www.pcmag.com	1
www.hydrogenfuelnews.com	1
www.foxnews.com	2
scvsolar.com	1
www.nbcsandiego.com	6
www.laconservancy.org	1
page2rss.com	3
www.peakpowerus.co	1
www.thegreenjobbank.com	1
350.brighterplanet.com	2
www.climate-change-guide.com	1
jobview.monster.com	6
po.st	8
www.kmph.com	1
blog.lwtconnect.com	1
www.seia.org	45
www.palmspringspropsandhops.com	1
news.cnet.com	5
www.ft.com	1
www.ladwpnews.com	2
www.thisoldhouse.com	2
cdt.org	11
news.consumerreports.org	2
www.internships.com	1
www.youtube.com	245
www.designbuildpros.com	1
www.renewableenergyworld.com	95
blog.habitatgsf.org	1
greenenergy.blogs.mydesert.com	1
hopkinton.patch.com	62
www.solarindustrymag.com	33
kfmb.upickem.net	2
www.dailymail.co.uk	3
americansolarchallenge.org	1
www.angieslist.com	48
www.sierrapacifichome.com	192
EzineArticles.com	2
www.spotlightsolar.com	1
www.wired.com	2
www.charlotteobserver.com	1
lsnlw.com	1
www.horizonsolarpower.com	40
www.slate.com	2
salsalabs.com	12
earth911.com	4
news.yahoo.com	3
gov.ca.gov	1
antennagroup.com	1
www.2050publications.com	3
www.mydesert.com	4
onlinelibrary.wiley.com	1
www.myenergysolution.com	2
www.cleanupday.org	1
greeneconomypost.com	1
storify.com	1
gothamist.com	1
www.teslamotors.com	2
www.reuters.com	6
www.pe.com	2
www.guildquality.com	6
fresh-energy.org	1
mayorbobfoster.com	1
www.solarplaza.com	1
www.maltagreenfestival.com	1
indiasolarhomes.com	1
srv2.shoutlet.com	2
citysquares.com	3
diablosolarservice.onsugar.com	1
twitter.com	11
www.nycedc.com	1
solarindustrymag.com	9
salsa.wiredforchange.com	7
www.edison.com	1
www.stamfordadvocate.com	1
www.dsireusa.org	2
onetypo.mpcnet.de	1
www.energymatters.com.au	2
news.google.com	19
www.environmentcalifornia.org	1
www.swankpalmsprings.com	1
www.ewg.org	1
vibrant.co	1
www.guardian.co.uk	1
www.huffingtonpost.com	22
www.slideshare.net	1
www.resetsanfrancisco.org	1
www.prlog.org	1
newark.patch.com	2
sandiegoreader.com	1
completesolar.com	2
www.rd.com	1
www.nacleanenergy.com	1
www.ramonasentinel.com	2
blog.recsolar.com	12
www.thegoodhuman.com	1
www.greatenergychallengeblog.com	4
www.solar1.org	8
motherjones.com	1
www.orangecountyresourceguide.com	1
www.manta.com	89
www3.gotomeeting.com	3
sites.google.com	1
twitpic.com	2
go.usa.gov	1
www.solarworld-usa.com	1
solterraecoluxuryapts.com	1
wheels.blogs.nytimes.com	2
org.salsalabs.com	1
www.salespider.com	3
www.fastcompany.com	2
grist.org	18
www.businesswire.com	6
environmentalintegrity.org	1
online.wsj.com	4
my.angieslist.com	1
www.wearepowershift.org	1
www.sanders.senate.gov	3
solarnovus.com	1
www.sbsun.com	1
www.cospp.com	1
www.hotfrog.com	1
www.tvbwf.com	2
www.proskore.com	2
hgm.me	2
www.jetsongreen.com	1
www.irecusa.org	1
friends.solarcity.com	1
www.theonion.com	1
tech.fortune.cnn.com	2
thesungate.com	41
solaralliancefoundation.org	1
solarallianceofamerica.com	8
www.salsalabs.com	3
www.americanprogress.org	3
yosemite.epa.gov	1
www.enterprisenation.com	1
www.pge.com	1
fuelfix.com	1
www.bing.com	1
www.admiralsbank.com	1
www.sfgate.com	17
foursquare.com	1
www.washingtonpost.com	9
www.metacafe.com	3
www.mcclatchydc.com	1
www.4-traders.com	1
blogs.worldwatch.org	1
www.quirky.com	1
bcove.me	1
ysear.ch	1
picasaweb.google.com	3
www.greenfestivals.org	3
www.denverpost.com	5
www.ashrae.org	1
www.countynewscenter.com	1
www1.eere.energy.gov	2
www.ecofriend.com	1
gogreenamericatv.com	1
blog.energysage.com	3
oilprice.com	1
technorati.com	1
www.thecitymaven.com	1
www.allsolarpanels.org	1
allafrica.com	1
eon.businesswire.com	2
www.morgan-page.com	1
realgoodssolar.com	73
www.afi.com	1
ihasahotdog.files.wordpress.com	1
